"","locus","allele","LMK","LMM","LHS","LSC","ERIW","ERIE","ROC","OSW","ECAN","CAY","CRO","ONO","ONE"
"Nmel1132.1","Nmel1132",1,NA,0.707024029574861,0,0.123791927231381,NA,0.802886441321686,NA,0.130725190839695,NA,0.220263969019205,NA,0,0.00153535353535354
"Nmel1132.2","Nmel1132",2,NA,0.208491899532456,0.185985782678079,0.000198976691301876,NA,0,NA,0.413048664122137,NA,0.13562001106457,NA,0,0.0426666666666667
"Nmel1132.3","Nmel1132",3,NA,0,0.193819817205861,0,NA,0,NA,0,NA,0.37050501857267,NA,0,0.552161616161616
"Nmel1132.4","Nmel1132",4,NA,0,0.137530828376614,0.468817509948835,NA,0,NA,0,NA,0,NA,0.135984151690958,0.345373737373737
"Nmel1132.5","Nmel1132",5,NA,0.0652386647819941,0,0,NA,0.139764527155336,NA,0.000477099236641221,NA,0,NA,0,0
"Nmel1132.6","Nmel1132",6,NA,0,0,0.0286526435474702,NA,0,NA,0.252981870229008,NA,0,NA,0.0479694354039904,0
"Nmel1132.7","Nmel1132",7,NA,0,0,0,NA,0,NA,0.0654818702290076,NA,0,NA,0,0
"Nmel1132.8","Nmel1132",8,NA,0,0,0.144229675952246,NA,0,NA,0.00202767175572519,NA,0,NA,0.288807131739069,0
"Nmel1132.9","Nmel1132",9,NA,0,0,0.0261512222853894,NA,0,NA,0,NA,0,NA,0.393094665345974,0
"Nmel1132.10","Nmel1132",10,NA,0.0142437751440687,0.0879152763673292,0.0206651506537806,NA,0,NA,0,NA,0,NA,0,0
"Nmel1132.11","Nmel1132",11,NA,0,0.000435224140432323,0,NA,0.0508925180402583,NA,0,NA,0,NA,0,0
"Nmel1132.13","Nmel1132",13,NA,0,0.0934281154794719,0.0284820920977828,NA,0,NA,0,NA,0,NA,0,0
"Nmel1132.14","Nmel1132",14,NA,0,0.125199477731031,0,NA,0,NA,0,NA,0.106298901446297,NA,0,0
"Nmel1132.15","Nmel1132",15,NA,0,0.0407659944871609,0,NA,0,NA,0.0362197837150127,NA,0.0271081956848178,NA,0,0
"Nmel1132.17","Nmel1132",17,NA,0,0,0,NA,0,NA,0,NA,0.0171500829842725,NA,0,0
"Nmel1132.18","Nmel1132",18,NA,0.00385995433293465,0,0,NA,0,NA,0,NA,0.0349324270923892,NA,0,0
"Nmel1132.19","Nmel1132",19,NA,0,0,0,NA,0,NA,0.0288247455470738,NA,0,NA,0,0
"Nmel1132.20","Nmel1132",20,NA,0,0.100246627012912,0,NA,0,NA,0,NA,0.0403856792855449,NA,0,0
"Nmel1132.21","Nmel1132",21,NA,0,0,0,NA,0,NA,0.000715648854961832,NA,0,NA,0,0
"Nmel1132.22","Nmel1132",22,NA,0,0,0.0151222285389426,NA,0,NA,0,NA,0,NA,0,0
"Nmel1132.24","Nmel1132",24,NA,0,0,0.017964752700398,NA,0,NA,0,NA,0,NA,0,0
"Nmel1132.25","Nmel1132",25,NA,0,0,0.0045480386583286,NA,0,NA,0,NA,0,NA,0,0
"Nmel1132.26","Nmel1132",26,NA,0,0,0.0379761227970438,NA,0,NA,0,NA,0,NA,0,0
"Nmel1132.27","Nmel1132",27,NA,0,0,0.0121091529277999,NA,0,NA,0,NA,0,NA,0,0
"Nmel1132.28","Nmel1132",28,NA,0,0,0.0046048891415577,NA,0,NA,0,NA,0,NA,0.0631102306494977,0
"Nmel1132.29","Nmel1132",29,NA,0,0,0,NA,0,NA,0,NA,0.0209436497273374,NA,0,0
"Nmel1132.30","Nmel1132",30,NA,0,0,0.00295622512791359,NA,0,NA,0.0155057251908397,NA,0,NA,0.00764114900240555,0
"Nmel1132.31","Nmel1132",31,NA,0,0,0.00875497441728255,NA,0,NA,0.000119274809160305,NA,0,NA,0,0
"Nmel1132.32","Nmel1132",32,NA,0,0,0.0117964752700398,NA,0,NA,0,NA,0,NA,0,0
"Nmel1132.33","Nmel1132",33,NA,0,0,0.0173393973848778,NA,0,NA,0,NA,0,NA,0,0
"Nmel1132.34","Nmel1132",34,NA,0,0,0,NA,0,NA,0,NA,0,NA,0,0.0582626262626263
"Nmel1132.35","Nmel1132",35,NA,0,0,0,NA,0,NA,0,NA,0,NA,0.043158341587661,0
"Nmel1132.36","Nmel1132",36,NA,0,0,0,NA,0,NA,0.026160941475827,NA,0,NA,0,0
"Nmel1132.43","Nmel1132",43,NA,0,0,0,NA,0,NA,0,NA,0.0165178218604284,NA,0,0
"Nmel1132.44","Nmel1132",44,NA,0,0,0,NA,0,NA,0.0174538804071247,NA,0,NA,0,0
"Nmel1132.45","Nmel1132",45,NA,0,0,0.0119954519613417,NA,0,NA,0,NA,0,NA,0,0
"Nmel1132.52","Nmel1132",52,NA,0,0,0.0027003979533826,NA,0,NA,0,NA,0,NA,0,0
"Nmel1132.53","Nmel1132",53,NA,0,0.0281444944146235,0,NA,0,NA,0,NA,0,NA,0,0
"Nmel1132.55","Nmel1132",55,NA,0,0,0,NA,0,NA,0.00874681933842239,NA,0,NA,0,0
"Nmel1132.57","Nmel1132",57,NA,0,0,0.00528709494030699,NA,0,NA,0,NA,0,NA,0,0
"Nmel1132.58","Nmel1132",58,NA,0,0,0,NA,0,NA,0,NA,0,NA,0.000990519315126645,0
"Nmel1132.59","Nmel1132",59,NA,0,0,0,NA,0,NA,0.000198791348600509,NA,0,NA,0,0
"Nmel1132.64","Nmel1132",64,NA,0,0,0.00392268334280841,NA,0,NA,0,NA,0,NA,0,0
"Nmel1132.67","Nmel1132",67,NA,0,0,0,NA,0,NA,0,NA,0,NA,0.0185368614687986,0
"Nmel1132.68","Nmel1132",68,NA,0.0011416766336849,0,0.000170551449687322,NA,0,NA,0.00131202290076336,NA,0,NA,0,0
"Nmel1132.71","Nmel1132",71,NA,0,0,0,NA,0.00645651348271933,NA,0,NA,0,NA,0,0
"Nmel1132.73","Nmel1132",73,NA,0,0,0,NA,0,NA,0,NA,0.00806132932901288,NA,0,0
"Nmel1132.78","Nmel1132",78,NA,0,0,0,NA,0,NA,0,NA,0,NA,0.000707513796519032,0
"Nmel1132.88","Nmel1132",88,NA,0,0.00652836210648484,0,NA,0,NA,0,NA,0,NA,0,0
"Nmel1132.90","Nmel1132",90,NA,0,0,0.0011085844229676,NA,0,NA,0,NA,0,NA,0,0
"Nmel1132.93","Nmel1132",93,NA,0,0,0,NA,0,NA,0,NA,0.00221291393345452,NA,0,0
"Nmel1132.94","Nmel1132",94,NA,0,0,0.000653780557134736,NA,0,NA,0,NA,0,NA,0,0
"Nmel140.1","Nmel140",1,NA,0.7687374749499,0.663551401869159,0.248979591836735,NA,0,NA,0.148841793987186,NA,0.48062015503876,NA,0.548109965635739,0.326007326007326
"Nmel140.2","Nmel140",2,NA,0.0589178356713427,0,0,NA,0.914285714285714,NA,0.291769344504682,NA,0,NA,0.0378006872852234,0
"Nmel140.3","Nmel140",3,NA,0.00601202404809619,0,0.284081632653061,NA,0,NA,0.0231641202562839,NA,0,NA,0,0.402930402930403
"Nmel140.4","Nmel140",4,NA,0,0,0,NA,0,NA,0,NA,0,NA,0,0.271062271062271
"Nmel140.5","Nmel140",5,NA,0.0264529058116232,0,0.213061224489796,NA,0,NA,0,NA,0,NA,0,0
"Nmel140.6","Nmel140",6,NA,0.0280561122244489,0,0.126530612244898,NA,0,NA,0.179398718580582,NA,0.112403100775194,NA,0.172966781214204,0
"Nmel140.7","Nmel140",7,NA,0,0.0373831775700935,0,NA,0,NA,0,NA,0.062015503875969,NA,0.0103092783505155,0
"Nmel140.8","Nmel140",8,NA,0,0,0,NA,0,NA,0.212419911286348,NA,0,NA,0,0
"Nmel140.9","Nmel140",9,NA,0,0,0,NA,0,NA,0,NA,0.158914728682171,NA,0,0
"Nmel140.11","Nmel140",11,NA,0,0,0.0195918367346939,NA,0,NA,0,NA,0,NA,0,0
"Nmel140.13","Nmel140",13,NA,0.0120240480961924,0,0,NA,0,NA,0,NA,0,NA,0,0
"Nmel140.15","Nmel140",15,NA,0.0997995991983968,0.287383177570093,0.104489795918367,NA,0,NA,0.104484967964515,NA,0.186046511627907,NA,0.135166093928981,0
"Nmel140.19","Nmel140",19,NA,0,0,0,NA,0,NA,0,NA,0,NA,0.0521191294387171,0
"Nmel140.20","Nmel140",20,NA,0,0,0,NA,0.0857142857142857,NA,0,NA,0,NA,0,0
"Nmel140.26","Nmel140",26,NA,0,0,0,NA,0,NA,0,NA,0,NA,0.00973654066437572,0
"Nmel140.35","Nmel140",35,NA,0,0,0.00326530612244898,NA,0,NA,0,NA,0,NA,0,0
"Nmel140.40","Nmel140",40,NA,0,0,0,NA,0,NA,0.0399211434204041,NA,0,NA,0,0
"Nmel140.49","Nmel140",49,NA,0,0,0,NA,0,NA,0,NA,0,NA,0.0337915234822451,0
"Nmel140.68","Nmel140",68,NA,0,0.0116822429906542,0,NA,0,NA,0,NA,0,NA,0,0
"Nmel1462.1","Nmel1462",1,NA,0.576428992339422,0.898305084745763,0.666926433915212,NA,0.667170953101362,NA,0.530678427811649,NA,0.459358687546607,NA,0.426387684301821,0.46826838558453
"Nmel1462.2","Nmel1462",2,NA,0,0,0.0185473815461347,NA,0,NA,0,NA,0,NA,0.353642671292281,0.0428362144740697
"Nmel1462.3","Nmel1462",3,NA,0,0.0440677966101695,0,NA,0,NA,0.0356725904786613,NA,0.17524235645041,NA,0.0136600173460538,0.120949311456197
"Nmel1462.4","Nmel1462",4,NA,0.00801414260459635,0,0.0983478802992519,NA,0.332829046898638,NA,0.0834090024646517,NA,0,NA,0.021357328707719,0.0460591854673308
"Nmel1462.5","Nmel1462",5,NA,0,0,0.135910224438903,NA,0,NA,0,NA,0,NA,0.0312228967909801,0.178552593026663
"Nmel1462.6","Nmel1462",6,NA,0.122215674720094,0,0,NA,0,NA,0.0683616552081982,NA,0.334079045488441,NA,0,0
"Nmel1462.7","Nmel1462",7,NA,0,0,0,NA,0,NA,0,NA,0.0313199105145414,NA,0.0318733738074588,0
"Nmel1462.9","Nmel1462",9,NA,0,0,0,NA,0,NA,0.164872227266831,NA,0,NA,0,0
"Nmel1462.10","Nmel1462",10,NA,0,0,0.0293017456359102,NA,0,NA,0,NA,0,NA,0.0574588031222897,0.00158218576032816
"Nmel1462.11","Nmel1462",11,NA,0.133765468473777,0,0,NA,0,NA,0,NA,0,NA,0,0
"Nmel1462.12","Nmel1462",12,NA,0,0,0,NA,0,NA,0.0525359968867557,NA,0,NA,0,0
"Nmel1462.13","Nmel1462",13,NA,0,0,0,NA,0,NA,0,NA,0,NA,0.0643972246313964,0.00662174040433636
"Nmel1462.14","Nmel1462",14,NA,0.0540954625810253,0,0.033354114713217,NA,0,NA,0,NA,0,NA,0,0
"Nmel1462.15","Nmel1462",15,NA,0.0357100766057749,0,0,NA,0,NA,0.0176417174730834,NA,0,NA,0,0
"Nmel1462.16","Nmel1462",16,NA,0.0305244549204478,0,0.0127805486284289,NA,0,NA,0,NA,0,NA,0,0.0100205098154117
"Nmel1462.17","Nmel1462",17,NA,0,0,0,NA,0,NA,0.0468283824101699,NA,0,NA,0,0
"Nmel1462.20","Nmel1462",20,NA,0.0392457277548615,0.0576271186440678,0,NA,0,NA,0,NA,0,NA,0,0
"Nmel1462.23","Nmel1462",23,NA,0,0,0,NA,0,NA,0,NA,0,NA,0,0.00287137415763258
"Nmel1462.25","Nmel1462",25,NA,0,0,0,NA,0,NA,0,NA,0,NA,0,0.0566070905361852
"Nmel1462.31","Nmel1462",31,NA,0,0,0,NA,0,NA,0,NA,0,NA,0,0.0350424846176384
"Nmel1462.36","Nmel1462",36,NA,0,0,0.00483167082294264,NA,0,NA,0,NA,0,NA,0,0.00181658365074714
"Nmel1462.42","Nmel1462",42,NA,0,0,0,NA,0,NA,0,NA,0,NA,0,0.0151772634046294
"Nmel1462.54","Nmel1462",54,NA,0,0,0,NA,0,NA,0,NA,0,NA,0,0.00246117784939936
"Nmel1462.55","Nmel1462",55,NA,0,0,0,NA,0,NA,0,NA,0,NA,0,0.00609434515089364
"Nmel1462.60","Nmel1462",60,NA,0,0,0,NA,0,NA,0,NA,0,NA,0,0.0050395546440082
"Nmel1486.1","Nmel1486",1,NA,0.886223440712817,0.62797619047619,0.142665773610181,NA,0.699386503067485,NA,0.705240174672489,NA,1,NA,1,0.933196300102775
"Nmel1486.2","Nmel1486",2,NA,0,0,0.525117213663764,NA,0,NA,0,NA,0,NA,0,0
"Nmel1486.3","Nmel1486",3,NA,0,0,0,NA,0.300613496932515,NA,0.0829694323144105,NA,0,NA,0,0
"Nmel1486.4","Nmel1486",4,NA,0,0,0.285331547220362,NA,0,NA,0.179039301310044,NA,0,NA,0,0
"Nmel1486.5","Nmel1486",5,NA,0.113776559287183,0.220238095238095,0,NA,0,NA,0,NA,0,NA,0,0
"Nmel1486.6","Nmel1486",6,NA,0,0.151785714285714,0,NA,0,NA,0,NA,0,NA,0,0
"Nmel1486.12","Nmel1486",12,NA,0,0,0,NA,0,NA,0.0327510917030568,NA,0,NA,0,0
"Nmel1486.13","Nmel1486",13,NA,0,0,0.0281312793034159,NA,0,NA,0,NA,0,NA,0,0.0493319630010277
"Nmel1486.24","Nmel1486",24,NA,0,0,0.0187541862022773,NA,0,NA,0,NA,0,NA,0,0
"Nmel1486.28","Nmel1486",28,NA,0,0,0,NA,0,NA,0,NA,0,NA,0,0.0174717368961973
"Nmel1566.1","Nmel1566",1,NA,0.406331084587442,0.291666666666667,0.199901526341704,NA,0.288888888888889,NA,0.112092766427388,NA,0.393865030674847,NA,0.595502156500308,0.413291796469367
"Nmel1566.2","Nmel1566",2,NA,0,0.127604166666667,0.245691777449532,NA,0.0577777777777778,NA,0.426283821093319,NA,0.352147239263804,NA,0.239679605668515,0
"Nmel1566.3","Nmel1566",3,NA,0,0,0,NA,0,NA,0.0138045278851463,NA,0.112883435582822,NA,0,0.382139148494289
"Nmel1566.4","Nmel1566",4,NA,0.23248572911261,0,0,NA,0,NA,0.0889011595803424,NA,0,NA,0,0
"Nmel1566.6","Nmel1566",6,NA,0,0,0.00886262924667651,NA,0,NA,0.145775814467145,NA,0.0760736196319018,NA,0.0582255083179298,0.110072689511942
"Nmel1566.7","Nmel1566",7,NA,0.213803840166061,0.416666666666667,0,NA,0,NA,0,NA,0,NA,0,0
"Nmel1566.8","Nmel1566",8,NA,0.0332122470160872,0,0,NA,0,NA,0.0287134180011044,NA,0,NA,0.00646950092421442,0
"Nmel1566.9","Nmel1566",9,NA,0,0,0.140324963072378,NA,0,NA,0,NA,0,NA,0,0
"Nmel1566.10","Nmel1566",10,NA,0,0,0,NA,0,NA,0.0115958034235229,NA,0,NA,0,0
"Nmel1566.11","Nmel1566",11,NA,0,0,0.105366814377154,NA,0,NA,0,NA,0,NA,0,0
"Nmel1566.12","Nmel1566",12,NA,0,0,0.00295420974889217,NA,0,NA,0.014908890115958,NA,0,NA,0,0
"Nmel1566.16","Nmel1566",16,NA,0,0,0.0147710487444609,NA,0,NA,0,NA,0,NA,0,0
"Nmel1566.17","Nmel1566",17,NA,0,0.130208333333333,0.00196947316592811,NA,0.0755555555555556,NA,0.0662617338487024,NA,0.0650306748466258,NA,0.0560690080098583,0.0799584631360332
"Nmel1566.18","Nmel1566",18,NA,0.0487804878048781,0,0.052191038897095,NA,0,NA,0.0082827167310878,NA,0,NA,0,0
"Nmel1566.19","Nmel1566",19,NA,0.0155682407887909,0,0,NA,0,NA,0,NA,0,NA,0,0
"Nmel1566.21","Nmel1566",21,NA,0,0,0.123584441161989,NA,0,NA,0,NA,0,NA,0,0
"Nmel1566.22","Nmel1566",22,NA,0,0,0,NA,0,NA,0.00331308669243512,NA,0,NA,0,0
"Nmel1566.23","Nmel1566",23,NA,0.0145303580695381,0,0,NA,0.04,NA,0.0138045278851463,NA,0,NA,0.00123228589032656,0
"Nmel1566.26","Nmel1566",26,NA,0,0,0,NA,0,NA,0,NA,0,NA,0,0.0145379023883697
"Nmel1566.27","Nmel1566",27,NA,0,0,0,NA,0,NA,0,NA,0,NA,0.0209488601355514,0
"Nmel1566.28","Nmel1566",28,NA,0,0,0.00984736582964057,NA,0,NA,0.0198785201546107,NA,0,NA,0.00677757239679606,0
"Nmel1566.29","Nmel1566",29,NA,0,0,0,NA,0.182222222222222,NA,0,NA,0,NA,0,0
"Nmel1566.35","Nmel1566",35,NA,0,0,0.0753323485967504,NA,0,NA,0,NA,0,NA,0,0
"Nmel1566.42","Nmel1566",42,NA,0,0.0338541666666667,0,NA,0,NA,0,NA,0,NA,0,0
"Nmel1566.48","Nmel1566",48,NA,0,0,0,NA,0.195555555555556,NA,0,NA,0,NA,0,0
"Nmel1566.50","Nmel1566",50,NA,0,0,0,NA,0.115555555555556,NA,0,NA,0,NA,0,0
"Nmel1566.53","Nmel1566",53,NA,0,0,0,NA,0,NA,0.0165654334621756,NA,0,NA,0,0
"Nmel1566.55","Nmel1566",55,NA,0.0145303580695381,0,0,NA,0,NA,0.0182219768083932,NA,0,NA,0,0
"Nmel1566.56","Nmel1566",56,NA,0,0,0.00590841949778434,NA,0,NA,0,NA,0,NA,0,0
"Nmel1566.57","Nmel1566",57,NA,0,0,0,NA,0,NA,0,NA,0,NA,0.0150955021565003,0
"Nmel1566.59","Nmel1566",59,NA,0,0,0,NA,0.0444444444444444,NA,0,NA,0,NA,0,0
"Nmel1566.62","Nmel1566",62,NA,0,0,0,NA,0,NA,0.00165654334621756,NA,0,NA,0,0
"Nmel1566.68","Nmel1566",68,NA,0,0,0,NA,0,NA,0.00276090557702927,NA,0,NA,0,0
"Nmel1566.73","Nmel1566",73,NA,0.00934094447327452,0,0,NA,0,NA,0.00717835450027609,NA,0,NA,0,0
"Nmel1566.74","Nmel1566",74,NA,0.01141670991178,0,0,NA,0,NA,0,NA,0,NA,0,0
"Nmel1566.77","Nmel1566",77,NA,0,0,0.00295420974889217,NA,0,NA,0,NA,0,NA,0,0
"Nmel1566.87","Nmel1566",87,NA,0,0,0.00640078778926637,NA,0,NA,0,NA,0,NA,0,0
"Nmel1566.96","Nmel1566",96,NA,0,0,0.00393894633185623,NA,0,NA,0,NA,0,NA,0,0
"Nmel262.1","Nmel262",1,NA,0.112664473684211,0.675284384694933,0.238035264483627,NA,0.645533141210375,NA,0.534265734265734,NA,0.385214007782101,NA,0.393132445690259,0.476105880262924
"Nmel262.2","Nmel262",2,NA,0.810855263157895,0.316442605997932,0.480688497061293,NA,0.327569644572526,NA,0.302797202797203,NA,0.528318201469952,NA,0.485634197617379,0.378397583940309
"Nmel262.3","Nmel262",3,NA,0,0,0.0814441645675903,NA,0,NA,0,NA,0,NA,0,0.116361698347842
"Nmel262.4","Nmel262",4,NA,0,0,0.13727959697733,NA,0,NA,0,NA,0,NA,0,0
"Nmel262.5","Nmel262",5,NA,0.0559210526315789,0,0.0197313182199832,NA,0,NA,0.00839160839160839,NA,0.0185905750108085,NA,0.0238262088297127,0.0090602238408243
"Nmel262.6","Nmel262",6,NA,0,0,0.0184718723761545,NA,0,NA,0.0566433566433566,NA,0,NA,0.0203223545900491,0.0078166637058092
"Nmel262.7","Nmel262",7,NA,0,0,0,NA,0,NA,0.0195804195804196,NA,0.0121054907047125,NA,0.0175192711983181,0
"Nmel262.8","Nmel262",8,NA,0,0,0,NA,0,NA,0.0258741258741259,NA,0,NA,0,0
"Nmel262.9","Nmel262",9,NA,0,0,0,NA,0,NA,0,NA,0.0116731517509728,NA,0,0
"Nmel262.10","Nmel262",10,NA,0,0,0,NA,0,NA,0.0104895104895105,NA,0,NA,0,0.0122579499022917
"Nmel262.11","Nmel262",11,NA,0,0,0.0155331654072208,NA,0,NA,0,NA,0.0095114569822741,NA,0,0
"Nmel262.12","Nmel262",12,NA,0,0,0,NA,0,NA,0.0125874125874126,NA,0.00734976221357544,NA,0.0329362298528381,0
"Nmel262.14","Nmel262",14,NA,0,0,0,NA,0.0144092219020173,NA,0,NA,0.012970168612192,NA,0.00770847932725999,0
"Nmel262.15","Nmel262",15,NA,0,0,0.00209907640638119,NA,0,NA,0.0048951048951049,NA,0.00734976221357544,NA,0,0
"Nmel262.16","Nmel262",16,NA,0.0205592105263158,0,0,NA,0,NA,0,NA,0,NA,0.0189208128941836,0
"Nmel262.26","Nmel262",26,NA,0,0,0.00671704450041982,NA,0.0124879923150817,NA,0,NA,0,NA,0,0
"Nmel262.28","Nmel262",28,NA,0,0.00827300930713547,0,NA,0,NA,0.0244755244755245,NA,0,NA,0,0
"Nmel262.30","Nmel262",30,NA,0,0,0,NA,0,NA,0,NA,0.00691742325983571,NA,0,0
"Nmel299.1","Nmel299",1,NA,0.149643705463183,0,0.494047619047619,NA,0.115755627009646,NA,0.245287304110834,NA,0.202692595362752,NA,0.562427611767431,0.62294500295683
"Nmel299.2","Nmel299",2,NA,0.491686460807601,0.184615384615385,0.399107142857143,NA,0,NA,0.694753577106518,NA,0.226252804786836,NA,0.0824646745425064,0
"Nmel299.3","Nmel299",3,NA,0,0.434615384615385,0,NA,0.543408360128617,NA,0,NA,0.37397157816006,NA,0.301829974519342,0.21123595505618
"Nmel299.4","Nmel299",4,NA,0,0.319230769230769,0,NA,0.340836012861736,NA,0,NA,0,NA,0,0.16581904198699
"Nmel299.5","Nmel299",5,NA,0,0,0.106845238095238,NA,0,NA,0.0599591187826482,NA,0.197083021690352,NA,0.0532777391707204,0
"Nmel299.7","Nmel299",7,NA,0,0.0269230769230769,0,NA,0,NA,0,NA,0,NA,0,0
"Nmel299.9","Nmel299",9,NA,0,0.0346153846153846,0,NA,0,NA,0,NA,0,NA,0,0
"Nmel299.10","Nmel299",10,NA,0.351543942992874,0,0,NA,0,NA,0,NA,0,NA,0,0
"Nmel299.13","Nmel299",13,NA,0.00712589073634204,0,0,NA,0,NA,0,NA,0,NA,0,0
"Nmel32.1","Nmel32",1,NA,1,0.292307692307692,0,NA,0,NA,0,NA,0.833333333333333,NA,0.619565217391304,0
"Nmel32.2","Nmel32",2,NA,0,0.707692307692308,0.623916811091854,NA,1,NA,1,NA,0.166666666666667,NA,0.380434782608696,0
"Nmel32.3","Nmel32",3,NA,0,0,0.322357019064125,NA,0,NA,0,NA,0,NA,0,0.234986945169713
"Nmel32.4","Nmel32",4,NA,0,0,0.0190641247833622,NA,0,NA,0,NA,0,NA,0,0.702349869451697
"Nmel32.5","Nmel32",5,NA,0,0,0.0346620450606586,NA,0,NA,0,NA,0,NA,0,0.0626631853785901
"Nmel344.1","Nmel344",1,NA,0.632692307692308,0,0.621513944223108,NA,NA,NA,0.573529411764706,NA,0.611358574610245,NA,0.673523206751055,0.765477439664218
"Nmel344.2","Nmel344",2,NA,0,1,0,NA,NA,NA,0,NA,0.0868596881959911,NA,0,0
"Nmel344.5","Nmel344",5,NA,0.367307692307692,0,0.206772908366534,NA,NA,NA,0.289792387543253,NA,0.301781737193764,NA,0.255274261603376,0.234522560335782
"Nmel344.6","Nmel344",6,NA,0,0,0.171713147410359,NA,NA,NA,0.136678200692042,NA,0,NA,0.0675105485232067,0
"Nmel344.13","Nmel344",13,NA,0,0,0,NA,NA,NA,0,NA,0,NA,0.00369198312236287,0
"Nmel351.1","Nmel351",1,NA,0,0.206864127879643,0.184383202099738,NA,0,NA,0,NA,0.0543769309989701,NA,0.690393518518518,0
"Nmel351.2","Nmel351",2,NA,0.234234234234234,0,0.0916994750656168,NA,0.330929487179487,NA,0.574024585783004,NA,0.336560247167868,NA,0.133564814814815,0.113701431492843
"Nmel351.3","Nmel351",3,NA,0.236883942766296,0,0,NA,0,NA,0.128629966150009,NA,0,NA,0,0
"Nmel351.4","Nmel351",4,NA,0.52888182299947,0,0,NA,0,NA,0,NA,0,NA,0,0
"Nmel351.5","Nmel351",5,NA,0,0.0220968500235073,0.526246719160105,NA,0.319711538461538,NA,0.262426509887761,NA,0.00247167868177137,NA,0.000347222222222222,0.352965235173824
"Nmel351.6","Nmel351",6,NA,0,0.0079924776680771,0,NA,0,NA,0,NA,0.539443872296601,NA,0.0618055555555556,0
"Nmel351.7","Nmel351",7,NA,0,0.463563704748472,0,NA,0.349358974358974,NA,0.020666310350971,NA,0,NA,0,0
"Nmel351.8","Nmel351",8,NA,0,0.152797367183827,0,NA,0,NA,0,NA,0,NA,0,0.188002726653033
"Nmel351.9","Nmel351",9,NA,0,0,0.0958005249343832,NA,0,NA,0,NA,0.0521112255406797,NA,0,0.2186775732788
"Nmel351.10","Nmel351",10,NA,0,0.103902209685002,0.0816929133858268,NA,0,NA,0,NA,0.000617919670442842,NA,0,0.00259032038173142
"Nmel351.11","Nmel351",11,NA,0,0,0,NA,0,NA,0,NA,0.0043254376930999,NA,0,0.0812542603953647
"Nmel351.12","Nmel351",12,NA,0,0,0.0131233595800525,NA,0,NA,0,NA,0,NA,0.110185185185185,0.00518064076346285
"Nmel351.13","Nmel351",13,NA,0,0,0,NA,0,NA,0,NA,0,NA,0,0.0130879345603272
"Nmel351.15","Nmel351",15,NA,0,0,0,NA,0,NA,0,NA,0.00885684860968074,NA,0,0
"Nmel351.17","Nmel351",17,NA,0,0.0103432063939821,0.00705380577427822,NA,0,NA,0.00587920897915553,NA,0,NA,0,0
"Nmel351.19","Nmel351",19,NA,0,0.0253878702397743,0,NA,0,NA,0.00213789417423838,NA,0,NA,0,0
"Nmel351.20","Nmel351",20,NA,0,0,0,NA,0,NA,0,NA,0,NA,0,0.0204498977505112
"Nmel351.21","Nmel351",21,NA,0,0.00376116596144805,0,NA,0,NA,0,NA,0,NA,0,0
"Nmel351.23","Nmel351",23,NA,0,0,0,NA,0,NA,0,NA,0.00123583934088568,NA,0.0037037037037037,0
"Nmel351.24","Nmel351",24,NA,0,0.00329102021626704,0,NA,0,NA,0.00178157847853198,NA,0,NA,0,0
"Nmel351.29","Nmel351",29,NA,0,0,0,NA,0,NA,0,NA,0,NA,0,0.00408997955010225
"Nmel351.30","Nmel351",30,NA,0,0,0,NA,0,NA,0.00302868341350436,NA,0,NA,0,0
"Nmel351.31","Nmel351",31,NA,0,0,0,NA,0,NA,0.00142526278282558,NA,0,NA,0,0
"Nmel363.1","Nmel363",1,NA,0.271910112359551,0.098159509202454,0.119078713047608,NA,0,NA,0.604951433309642,NA,0.531914893617021,NA,0.27785016286645,0.0805137358373429
"Nmel363.2","Nmel363",2,NA,0.405337078651685,0.332055214723926,0.191380743203134,NA,0.0298342541436464,NA,0.236910684671879,NA,0.33397807865893,NA,0.407491856677524,0.263541828340835
"Nmel363.3","Nmel363",3,NA,0,0.34739263803681,0.496378962364953,NA,0.0861878453038674,NA,0,NA,0,NA,0,0.315536240881577
"Nmel363.4","Nmel363",4,NA,0.285955056179775,0.175613496932515,0.0417903359848035,NA,0,NA,0.122601279317697,NA,0,NA,0.201628664495114,0.105230482694397
"Nmel363.5","Nmel363",5,NA,0,0,0,NA,0.883977900552486,NA,0,NA,0,NA,0,0.0381421697966786
"Nmel363.6","Nmel363",6,NA,0,0,0,NA,0,NA,0,NA,0.0573823339780787,NA,0.0846905537459283,0.136116715815614
"Nmel363.8","Nmel363",8,NA,0,0,0.0936720883295738,NA,0,NA,0,NA,0,NA,0,0
"Nmel363.11","Nmel363",11,NA,0,0.0437116564417178,0.0388222723495192,NA,0,NA,0,NA,0,NA,0,0
"Nmel363.12","Nmel363",12,NA,0,0,0,NA,0,NA,0.00319829424307036,NA,0,NA,0,0.00884681049200683
"Nmel363.13","Nmel363",13,NA,0.0367977528089888,0,0,NA,0,NA,0.0300876569533286,NA,0,NA,0,0
"Nmel363.15","Nmel363",15,NA,0,0,0.0141279829039535,NA,0,NA,0,NA,0,NA,0,0
"Nmel363.16","Nmel363",16,NA,0,0,0,NA,0,NA,0,NA,0,NA,0,0.0207977650162968
"Nmel363.18","Nmel363",18,NA,0,0,0,NA,0,NA,0,NA,0,NA,0,0.0162579543690827
"Nmel363.19","Nmel363",19,NA,0,0,0,NA,0,NA,0,NA,0,NA,0,0.0148998913549589
"Nmel363.20","Nmel363",20,NA,0,0,0,NA,0,NA,0,NA,0,NA,0.0104234527687296,0
"Nmel363.26","Nmel363",26,NA,0,0,0,NA,0,NA,0,NA,0.0767246937459703,NA,0,0
"Nmel363.29","Nmel363",29,NA,0,0,0,NA,0,NA,0,NA,0,NA,0.0179153094462541,0
"Nmel363.35","Nmel363",35,NA,0,0,0.00474890181645495,NA,0,NA,0,NA,0,NA,0,0
"Nmel363.38","Nmel363",38,NA,0,0.00306748466257669,0,NA,0,NA,0,NA,0,NA,0,0
"Nmel363.39","Nmel363",39,NA,0,0,0,NA,0,NA,0.00153991945036721,NA,0,NA,0,0
"Nmel363.41","Nmel363",41,NA,0,0,0,NA,0,NA,0.000710732054015636,NA,0,NA,0,0
"Nmel363.43","Nmel363",43,NA,0,0,0,NA,0,NA,0,NA,0,NA,0,0.000116405401210616
"Nmel403.1","Nmel403",1,NA,0.665087956698241,0.196531791907514,0.238778625954198,NA,0.357879234167894,NA,0.289134438305709,NA,0,NA,0,0
"Nmel403.2","Nmel403",2,NA,0.16339648173207,0.416184971098266,0.596946564885496,NA,0.419734904270987,NA,0.274269928966062,NA,0.0989847715736041,NA,0.26056338028169,0.25
"Nmel403.3","Nmel403",3,NA,0.138531799729364,0.219653179190751,0,NA,0,NA,0.229281767955801,NA,0,NA,0,0
"Nmel403.4","Nmel403",4,NA,0,0,0,NA,0.189985272459499,NA,0,NA,0,NA,0,0.129259259259259
"Nmel403.5","Nmel403",5,NA,0,0,0,NA,0,NA,0,NA,0.390862944162437,NA,0.0468865826538176,0
"Nmel403.6","Nmel403",6,NA,0,0,0.0314503816793893,NA,0,NA,0.0403841094448829,NA,0,NA,0.414936990363232,0
"Nmel403.7","Nmel403",7,NA,0,0,0,NA,0,NA,0,NA,0,NA,0,0.533518518518519
"Nmel403.8","Nmel403",8,NA,0.00490527740189445,0,0,NA,0.03240058910162,NA,0,NA,0.0228426395939086,NA,0.00945144551519644,0.0442592592592593
"Nmel403.10","Nmel403",10,NA,0.0199594046008119,0,0,NA,0,NA,0.0164430413049198,NA,0,NA,0,0
"Nmel403.11","Nmel403",11,NA,0,0,0,NA,0,NA,0.10247303341226,NA,0,NA,0.0883988139362491,0.0183333333333333
"Nmel403.12","Nmel403",12,NA,0,0,0.0323664122137405,NA,0,NA,0,NA,0,NA,0.0826538176426983,0
"Nmel403.13","Nmel403",13,NA,0,0.111753371868979,0.0833587786259542,NA,0,NA,0,NA,0.0634517766497462,NA,0,0
"Nmel403.22","Nmel403",22,NA,0,0,0,NA,0,NA,0.0081557484872402,NA,0,NA,0.0576352853965901,0
"Nmel403.23","Nmel403",23,NA,0,0.0558766859344894,0,NA,0,NA,0,NA,0,NA,0,0
"Nmel403.24","Nmel403",24,NA,0,0,0,NA,0,NA,0,NA,0,NA,0.00277983691623425,0
"Nmel403.33","Nmel403",33,NA,0,0,0,NA,0,NA,0.0113128124177848,NA,0,NA,0.0126019273535953,0
"Nmel403.37","Nmel403",37,NA,0,0,0.0161832061068702,NA,0,NA,0.00473559589581689,NA,0,NA,0,0
"Nmel403.45","Nmel403",45,NA,0,0,0,NA,0,NA,0.0201262825572218,NA,0,NA,0,0
"Nmel403.50","Nmel403",50,NA,0.0040595399188092,0,0,NA,0,NA,0,NA,0,NA,0.00148257968865827,0.0246296296296296
"Nmel403.55","Nmel403",55,NA,0,0,0,NA,0,NA,0,NA,0,NA,0.000926612305411416,0
"Nmel403.56","Nmel403",56,NA,0,0,0,NA,0,NA,0.00118389897395422,NA,0,NA,0.000741289844329133,0
"Nmel403.57","Nmel403",57,NA,0,0,0,NA,0,NA,0.0024993422783478,NA,0,NA,0,0
"Nmel403.61","Nmel403",61,NA,0,0,0,NA,0,NA,0,NA,0.256345177664975,NA,0,0
"Nmel403.63","Nmel403",63,NA,0,0,0.000916030534351145,NA,0,NA,0,NA,0,NA,0.00277983691623425,0
"Nmel403.78","Nmel403",78,NA,0.00321380243572395,0,0,NA,0,NA,0,NA,0.0304568527918782,NA,0.00463306152705708,0
"Nmel403.79","Nmel403",79,NA,0,0,0,NA,0,NA,0,NA,0,NA,0.00982209043736101,0
"Nmel403.81","Nmel403",81,NA,0,0,0,NA,0,NA,0,NA,0.129441624365482,NA,0,0
"Nmel403.93","Nmel403",93,NA,0,0,0,NA,0,NA,0,NA,0,NA,0.00315048183839881,0
"Nmel403.100","Nmel403",100,NA,0.00084573748308525,0,0,NA,0,NA,0,NA,0,NA,0,0
"Nmel403.102","Nmel403",102,NA,0,0,0,NA,0,NA,0,NA,0.00761421319796954,NA,0,0
"Nmel403.104","Nmel403",104,NA,0,0,0,NA,0,NA,0,NA,0,NA,0.000555967383246849,0
"Nmel405.1","Nmel405",1,NA,0.623708920187793,0,0.0318627450980392,NA,0.170940170940171,NA,0.127931769722815,NA,0,NA,0.552793904208999,0
"Nmel405.2","Nmel405",2,NA,0,0,0,NA,0,NA,0,NA,0.44060475161987,NA,0,0.0133140376266281
"Nmel405.3","Nmel405",3,NA,0,0,0,NA,0,NA,0,NA,0.540676745860331,NA,0,0
"Nmel405.4","Nmel405",4,NA,0,0.466476462196862,0,NA,0.724358974358974,NA,0.701966358682777,NA,0,NA,0,0.191316931982634
"Nmel405.5","Nmel405",5,NA,0.317605633802817,0,0.00980392156862745,NA,0,NA,0,NA,0,NA,0,0
"Nmel405.6","Nmel405",6,NA,0.0586854460093897,0,0.76797385620915,NA,0,NA,0,NA,0,NA,0,0
"Nmel405.7","Nmel405",7,NA,0,0,0,NA,0,NA,0,NA,0,NA,0.41455007256894,0
"Nmel405.8","Nmel405",8,NA,0,0.429386590584879,0,NA,0,NA,0.155650319829424,NA,0,NA,0.0313860667634253,0.13328509406657
"Nmel405.9","Nmel405",9,NA,0,0,0,NA,0,NA,0,NA,0.0187185025197984,NA,0,0
"Nmel405.10","Nmel405",10,NA,0,0,0,NA,0,NA,0,NA,0,NA,0,0.352243125904486
"Nmel405.11","Nmel405",11,NA,0,0.0370898716119829,0.00408496732026144,NA,0,NA,0,NA,0,NA,0,0
"Nmel405.12","Nmel405",12,NA,0,0,0.148080065359477,NA,0,NA,0,NA,0,NA,0,0
"Nmel405.14","Nmel405",14,NA,0,0.0399429386590585,0,NA,0.0427350427350427,NA,0,NA,0,NA,0,0
"Nmel405.15","Nmel405",15,NA,0,0,0,NA,0.0277777777777778,NA,0,NA,0,NA,0,0
"Nmel405.16","Nmel405",16,NA,0,0,0,NA,0,NA,0,NA,0,NA,0,0.29753979739508
"Nmel405.18","Nmel405",18,NA,0,0,0,NA,0,NA,0.0144515517649846,NA,0,NA,0,0
"Nmel405.20","Nmel405",20,NA,0,0,0.00837418300653595,NA,0,NA,0,NA,0,NA,0,0
"Nmel405.24","Nmel405",24,NA,0,0,0.00980392156862745,NA,0,NA,0,NA,0,NA,0,0
"Nmel405.27","Nmel405",27,NA,0,0,0,NA,0,NA,0,NA,0,NA,0,0.012301013024602
"Nmel405.36","Nmel405",36,NA,0,0,0.014093137254902,NA,0,NA,0,NA,0,NA,0,0
"Nmel405.37","Nmel405",37,NA,0,0,0.00531045751633987,NA,0,NA,0,NA,0,NA,0,0
"Nmel405.54","Nmel405",54,NA,0,0,0.000612745098039216,NA,0,NA,0,NA,0,NA,0.0012699564586357,0
"Nmel405.58","Nmel405",58,NA,0,0.0271041369472183,0,NA,0,NA,0,NA,0,NA,0,0
"Nmel405.60","Nmel405",60,NA,0,0,0,NA,0.0341880341880342,NA,0,NA,0,NA,0,0
"Nmel411.1","Nmel411",1,NA,0,0.294649061848506,0.0265270506108202,NA,0,NA,0.159630606860158,NA,0.217444717444717,NA,0.271193963604083,0.143752175426384
"Nmel411.2","Nmel411",2,NA,0.441485634197617,0.603891591382905,0.0347294938917976,NA,1,NA,0.507915567282322,NA,0.137592137592138,NA,0.490013315579228,0.719631047685346
"Nmel411.3","Nmel411",3,NA,0,0,0.755846422338569,NA,0,NA,0.0184696569920844,NA,0,NA,0,0.0229725026105117
"Nmel411.4","Nmel411",4,NA,0,0,0,NA,0,NA,0,NA,0.477886977886978,NA,0.0363959165557035,0.0676992690567351
"Nmel411.5","Nmel411",5,NA,0.498248072880168,0.00555941626129256,0,NA,0,NA,0.195250659630607,NA,0.160933660933661,NA,0,0
"Nmel411.6","Nmel411",6,NA,0,0.0625434329395413,0.168062827225131,NA,0,NA,0,NA,0,NA,0,0
"Nmel411.7","Nmel411",7,NA,0,0,0,NA,0,NA,0,NA,0,NA,0.169107856191744,0
"Nmel411.8","Nmel411",8,NA,0,0,0,NA,0,NA,0.0303430079155673,NA,0,NA,0,0.0093978419770275
"Nmel411.9","Nmel411",9,NA,0,0,0,NA,0,NA,0,NA,0,NA,0.018641810918775,0
"Nmel411.10","Nmel411",10,NA,0.0392431674842327,0,0,NA,0,NA,0,NA,0,NA,0,0.0240167072746258
"Nmel411.11","Nmel411",11,NA,0,0,0,NA,0,NA,0.0118733509234828,NA,0,NA,0,0.00382875043508528
"Nmel411.12","Nmel411",12,NA,0,0.00277970813064628,0,NA,0,NA,0,NA,0,NA,0,0
"Nmel411.13","Nmel411",13,NA,0,0,0,NA,0,NA,0,NA,0,NA,0,0.00591715976331361
"Nmel411.14","Nmel411",14,NA,0,0,0,NA,0,NA,0.0131926121372032,NA,0,NA,0,0.00278454577097111
"Nmel411.16","Nmel411",16,NA,0,0.0125086865879083,0,NA,0,NA,0,NA,0,NA,0,0
"Nmel411.17","Nmel411",17,NA,0,0,0,NA,0,NA,0.0303430079155673,NA,0.00614250614250614,NA,0,0
"Nmel411.18","Nmel411",18,NA,0,0,0,NA,0,NA,0.0118733509234828,NA,0,NA,0,0
"Nmel411.20","Nmel411",20,NA,0,0,0,NA,0,NA,0.00923482849604222,NA,0,NA,0,0
"Nmel411.21","Nmel411",21,NA,0,0,0,NA,0,NA,0,NA,0,NA,0.014647137150466,0
"Nmel411.23","Nmel411",23,NA,0.0210231254379818,0.00972897845726199,0,NA,0,NA,0,NA,0,NA,0,0
"Nmel411.25","Nmel411",25,NA,0,0,0.00924956369982548,NA,0,NA,0,NA,0,NA,0,0
"Nmel411.26","Nmel411",26,NA,0,0,0.000698080279232112,NA,0,NA,0,NA,0,NA,0,0
"Nmel411.27","Nmel411",27,NA,0,0.00347463516330785,0,NA,0,NA,0.0118733509234828,NA,0,NA,0,0
"Nmel411.28","Nmel411",28,NA,0,0.00486448922863099,0,NA,0,NA,0,NA,0,NA,0,0
"Nmel411.29","Nmel411",29,NA,0,0,0.00261780104712042,NA,0,NA,0,NA,0,NA,0,0
"Nmel411.30","Nmel411",30,NA,0,0,0.00226876090750436,NA,0,NA,0,NA,0,NA,0,0
"Nmel422.1","Nmel422",1,NA,0.656272927366104,0.746678096870982,0.604552385101285,NA,NA,NA,0.583660644147683,NA,0.394791978449566,NA,0.528403967538323,0.256888336440854
"Nmel422.2","Nmel422",2,NA,0.134996331621423,0.188169738534076,0.118057068176868,NA,NA,NA,0.23095051060487,NA,0.378329841364861,NA,0.344454463480613,0.356950486844831
"Nmel422.3","Nmel422",3,NA,0.0484225972120323,0.0214316330904415,0.139947723807449,NA,NA,NA,0.0388845247446976,NA,0,NA,0,0
"Nmel422.4","Nmel422",4,NA,0.0755685986793837,0,0,NA,NA,NA,0.0219952867242734,NA,0,NA,0,0
"Nmel422.5","Nmel422",5,NA,0.053558327219369,0.022717531075868,0.0272271836201263,NA,NA,NA,0.077376276512176,NA,0.0454953606704579,NA,0.0527502254283138,0.0337683861611767
"Nmel422.7","Nmel422",7,NA,0.0260454878943507,0.0197171024432062,0.0115443258549336,NA,NA,NA,0.0416339355852317,NA,0.0278359772523197,NA,0.0432822362488729,0.0190594572198053
"Nmel422.9","Nmel422",9,NA,0,0,0,NA,NA,NA,0,NA,0,NA,0,0.204681997099648
"Nmel422.10","Nmel422",10,NA,0,0,0.0136135918100632,NA,NA,NA,0,NA,0,NA,0,0
"Nmel422.11","Nmel422",11,NA,0,0,0.0139403180135047,NA,NA,NA,0,NA,0,NA,0,0
"Nmel422.13","Nmel422",13,NA,0,0,0.0116532345894141,NA,NA,NA,0,NA,0,NA,0,0
"Nmel422.14","Nmel422",14,NA,0,0,0.0142670442169462,NA,NA,NA,0,NA,0,NA,0,0
"Nmel422.15","Nmel422",15,NA,0,0,0.00163363101720758,NA,NA,NA,0,NA,0,NA,0,0
"Nmel422.16","Nmel422",16,NA,0,0,0.00838597255499891,NA,NA,NA,0,NA,0.0341215205028435,NA,0.0279531109107304,0.0287963538429666
"Nmel422.17","Nmel422",17,NA,0.00513573000733676,0.00128589798542649,0,NA,NA,NA,0.00196386488609584,NA,0.0254414845854535,NA,0,0.00952972860990263
"Nmel422.19","Nmel422",19,NA,0,0,0.0215639294271401,NA,NA,NA,0,NA,0,NA,0,0
"Nmel422.20","Nmel422",20,NA,0,0,0,NA,NA,NA,0,NA,0.0649506135887459,NA,0,0
"Nmel422.21","Nmel422",21,NA,0,0,0,NA,NA,NA,0,NA,0,NA,0,0.0437124507975968
"Nmel422.22","Nmel422",22,NA,0,0,0,NA,NA,NA,0,NA,0,NA,0,0.0412264346384918
"Nmel422.23","Nmel422",23,NA,0,0,0.00555434545850577,NA,NA,NA,0,NA,0,NA,0,0
"Nmel422.25","Nmel422",25,NA,0,0,0.000980178610324548,NA,NA,NA,0,NA,0.00448967375037414,NA,0,0
"Nmel422.37","Nmel422",37,NA,0,0,0.000544543672402527,NA,NA,NA,0.00157109190887667,NA,0,NA,0,0.00269318417236379
"Nmel422.38","Nmel422",38,NA,0,0,0.000980178610324548,NA,NA,NA,0,NA,0.00389105058365759,NA,0.00315599639314698,0
"Nmel422.41","Nmel422",41,NA,0,0,0,NA,NA,NA,0,NA,0.00389105058365759,NA,0,0.000828672053035011
"Nmel422.45","Nmel422",45,NA,0,0,0.00130690481376606,NA,NA,NA,0,NA,0,NA,0,0
"Nmel422.46","Nmel422",46,NA,0,0,0.00239599215857112,NA,NA,NA,0,NA,0,NA,0,0
"Nmel422.48","Nmel422",48,NA,0,0,0,NA,NA,NA,0,NA,0.00478898533373242,NA,0,0
"Nmel422.49","Nmel422",49,NA,0,0,0,NA,NA,NA,0,NA,0.00478898533373242,NA,0,0
"Nmel422.51","Nmel422",51,NA,0,0,0,NA,NA,NA,0.00196386488609584,NA,0,NA,0,0.00124300807955252
"Nmel422.52","Nmel422",52,NA,0,0,0,NA,NA,NA,0,NA,0.00389105058365759,NA,0,0
"Nmel422.53","Nmel422",53,NA,0,0,0,NA,NA,NA,0,NA,0.00329242741694104,NA,0,0
"Nmel422.54","Nmel422",54,NA,0,0,0.00108908734480505,NA,NA,NA,0,NA,0,NA,0,0
"Nmel422.55","Nmel422",55,NA,0,0,0.000326726203441516,NA,NA,NA,0,NA,0,NA,0,0
"Nmel422.58","Nmel422",58,NA,0,0,0.000435634937922021,NA,NA,NA,0,NA,0,NA,0,0
"Nmel422.63","Nmel422",63,NA,0,0,0,NA,NA,NA,0,NA,0,NA,0,0.000621504039776259
"Nmel505.1","Nmel505",1,NA,1,0.700107296137339,0.840605002908668,NA,1,NA,1,NA,0.138972809667674,NA,0,0.0387427698352068
"Nmel505.2","Nmel505",2,NA,0,0,0,NA,0,NA,0,NA,0.473457056538628,NA,0.842636950635284,0.75946742333297
"Nmel505.3","Nmel505",3,NA,0,0.299892703862661,0,NA,0,NA,0,NA,0,NA,0,0
"Nmel505.4","Nmel505",4,NA,0,0,0,NA,0,NA,0,NA,0,NA,0.157363049364716,0.186510968023573
"Nmel505.5","Nmel505",5,NA,0,0,0.159394997091332,NA,0,NA,0,NA,0.387570133793699,NA,0,0.005784131834552
"Nmel505.6","Nmel505",6,NA,0,0,0,NA,0,NA,0,NA,0,NA,0,0.00949470697369857
"Nmel549.1","Nmel549",1,NA,0.393972403776325,0,0.211877779371683,NA,0,NA,0.231551128278105,NA,0.401892225421637,NA,0.855629308143988,0.0428533404311951
"Nmel549.2","Nmel549",2,NA,0,0,0.540668483718261,NA,0,NA,0,NA,0.182640888523241,NA,0.111309675772275,0.131620974181528
"Nmel549.3","Nmel549",3,NA,0.511437908496732,0,0.0347152488882513,NA,0,NA,0,NA,0,NA,0,0
"Nmel549.4","Nmel549",4,NA,0,0.270220588235294,0.200832018361785,NA,0.468580294802172,NA,0.634071965846717,NA,0.288770053475936,NA,0,0.0218259249401118
"Nmel549.5","Nmel549",5,NA,0,0.299632352941176,0,NA,0,NA,0,NA,0.048951048951049,NA,0,0.297844024487623
"Nmel549.6","Nmel549",6,NA,0,0.13296568627451,0,NA,0.531419705197828,NA,0,NA,0,NA,0,0.326989619377163
"Nmel549.7","Nmel549",7,NA,0,0.200367647058824,0,NA,0,NA,0.131937385647489,NA,0,NA,0.0255297421496043,0.119510247537929
"Nmel549.8","Nmel549",8,NA,0.0945896877269426,0.0968137254901961,0,NA,0,NA,0,NA,0,NA,0,0
"Nmel549.9","Nmel549",9,NA,0,0,0,NA,0,NA,0,NA,0.0654051830522419,NA,0,0
"Nmel549.11","Nmel549",11,NA,0,0,0,NA,0,NA,0,NA,0.00164541341011929,NA,0,0
"Nmel549.16","Nmel549",16,NA,0,0,0,NA,0,NA,0,NA,0,NA,0,0.0440511046047378
"Nmel549.23","Nmel549",23,NA,0,0,0,NA,0,NA,0.00142305346615166,NA,0,NA,0,0.0134415757253127
"Nmel549.25","Nmel549",25,NA,0,0,0,NA,0,NA,0,NA,0.00904977375565611,NA,0.00753127393413327,0
"Nmel549.27","Nmel549",27,NA,0,0,0.0119064696600201,NA,0,NA,0,NA,0,NA,0,0
"Nmel549.32","Nmel549",32,NA,0,0,0,NA,0,NA,0,NA,0.00164541341011929,NA,0,0
"Nmel549.35","Nmel549",35,NA,0,0,0,NA,0,NA,0,NA,0,NA,0,0.00186318871439979
"Nmel549.43","Nmel549",43,NA,0,0,0,NA,0,NA,0.0010164667615369,NA,0,NA,0,0
"Nmel625.1","Nmel625",1,NA,0,0.475271411338963,0,NA,0.975460122699387,NA,0.481954469739034,NA,0.338922155688623,NA,0.529611788041938,0.24790338812479
"Nmel625.2","Nmel625",2,NA,0.6966618287373,0,0.586724313326551,NA,0,NA,0,NA,0,NA,0,0.109694733310969
"Nmel625.3","Nmel625",3,NA,0,0.314234016887817,0.0539165818921668,NA,0,NA,0.243753470294281,NA,0,NA,0.13828279965996,0.172425360617243
"Nmel625.4","Nmel625",4,NA,0.117271407837446,0.0850422195416164,0.135808748728383,NA,0,NA,0,NA,0,NA,0.136015868517994,0.0459577323045958
"Nmel625.5","Nmel625",5,NA,0,0,0,NA,0,NA,0,NA,0.251497005988024,NA,0,0.315330426031533
"Nmel625.6","Nmel625",6,NA,0,0,0,NA,0,NA,0.076624097723487,NA,0.0730538922155689,NA,0.0311703032020402,0
"Nmel625.7","Nmel625",7,NA,0,0,0.0595116988809766,NA,0,NA,0.0960577456968351,NA,0,NA,0.0391045621989232,0
"Nmel625.8","Nmel625",8,NA,0,0.0729794933655006,0.060528992878942,NA,0,NA,0,NA,0,NA,0,0
"Nmel625.9","Nmel625",9,NA,0,0,0,NA,0,NA,0.0238756246529706,NA,0.0598802395209581,NA,0,0.0291848373029185
"Nmel625.10","Nmel625",10,NA,0.0258345428156749,0,0,NA,0,NA,0,NA,0.0119760479041916,NA,0,0
"Nmel625.13","Nmel625",13,NA,0,0.0193003618817853,0,NA,0,NA,0.0260966129927818,NA,0,NA,0.0427883253046189,0.00503186850050319
"Nmel625.14","Nmel625",14,NA,0,0,0.0160223804679552,NA,0,NA,0,NA,0,NA,0,0
"Nmel625.15","Nmel625",15,NA,0,0,0,NA,0,NA,0,NA,0.0491017964071856,NA,0.0416548597336356,0
"Nmel625.16","Nmel625",16,NA,0.0354136429608128,0,0.0104272634791455,NA,0,NA,0,NA,0,NA,0,0
"Nmel625.18","Nmel625",18,NA,0.0296081277213353,0.0126658624849216,0,NA,0,NA,0,NA,0,NA,0,0
"Nmel625.19","Nmel625",19,NA,0,0,0,NA,0,NA,0,NA,0,NA,0,0.0254948004025495
"Nmel625.21","Nmel625",21,NA,0,0,0,NA,0,NA,0,NA,0.2,NA,0,0
"Nmel625.22","Nmel625",22,NA,0,0,0,NA,0,NA,0,NA,0,NA,0.0167186171720034,0
"Nmel625.23","Nmel625",23,NA,0,0.00301568154402895,0,NA,0,NA,0.0210993892282066,NA,0,NA,0,0.00503186850050319
"Nmel625.24","Nmel625",24,NA,0,0,0.00101729399796541,NA,0,NA,0.0144364242087729,NA,0,NA,0.00396712949844148,0.00704461590070446
"Nmel625.26","Nmel625",26,NA,0,0,0,NA,0,NA,0,NA,0,NA,0,0.00536732640053673
"Nmel625.27","Nmel625",27,NA,0,0,0.0160223804679552,NA,0,NA,0,NA,0,NA,0,0.00704461590070446
"Nmel625.28","Nmel625",28,NA,0,0,0,NA,0,NA,0,NA,0,NA,0,0.00704461590070446
"Nmel625.29","Nmel625",29,NA,0,0,0.0119532044760936,NA,0,NA,0,NA,0,NA,0,0
"Nmel625.30","Nmel625",30,NA,0,0,0.0231434384537131,NA,0,NA,0,NA,0,NA,0,0
"Nmel625.32","Nmel625",32,NA,0.0107402031930334,0,0,NA,0,NA,0,NA,0,NA,0,0
"Nmel625.34","Nmel625",34,NA,0.0229317851959361,0,0,NA,0,NA,0,NA,0,NA,0,0
"Nmel625.35","Nmel625",35,NA,0.0206095791001451,0,0.00101729399796541,NA,0,NA,0,NA,0,NA,0,0
"Nmel625.37","Nmel625",37,NA,0.0188679245283019,0,0,NA,0,NA,0,NA,0,NA,0,0
"Nmel625.38","Nmel625",38,NA,0,0,0,NA,0,NA,0,NA,0,NA,0.00850099178237461,0
"Nmel625.40","Nmel625",40,NA,0,0,0.0144964394710071,NA,0,NA,0,NA,0,NA,0,0
"Nmel625.42","Nmel625",42,NA,0.013933236574746,0,0,NA,0,NA,0,NA,0,NA,0,0
"Nmel625.44","Nmel625",44,NA,0,0.00422195416164053,0,NA,0,NA,0,NA,0,NA,0.00765089260413715,0
"Nmel625.45","Nmel625",45,NA,0.006966618287373,0,0,NA,0,NA,0,NA,0,NA,0,0
"Nmel625.46","Nmel625",46,NA,0,0,0,NA,0,NA,0,NA,0,NA,0,0.0137537739013754
"Nmel625.48","Nmel625",48,NA,0,0,0,NA,0,NA,0,NA,0,NA,0,0.00100637370010064
"Nmel625.50","Nmel625",50,NA,0,0.00361881785283474,0.00254323499491353,NA,0,NA,0,NA,0,NA,0,0
"Nmel625.55","Nmel625",55,NA,0,0,0,NA,0.0245398773006135,NA,0,NA,0,NA,0,0
"Nmel625.57","Nmel625",57,NA,0,0,0.00406917599186165,NA,0,NA,0,NA,0,NA,0,0
"Nmel625.58","Nmel625",58,NA,0,0,0,NA,0,NA,0,NA,0,NA,0.00453386228393313,0
"Nmel625.60","Nmel625",60,NA,0,0,0,NA,0,NA,0.00832870627429206,NA,0,NA,0,0
"Nmel625.61","Nmel625",61,NA,0,0,0,NA,0,NA,0.00777345918933926,NA,0,NA,0,0
"Nmel625.63","Nmel625",63,NA,0,0,0,NA,0,NA,0,NA,0.0155688622754491,NA,0,0
"Nmel625.72","Nmel625",72,NA,0,0.00542822677925211,0,NA,0,NA,0,NA,0,NA,0,0
"Nmel625.76","Nmel625",76,NA,0,0,0.00203458799593082,NA,0,NA,0,NA,0,NA,0,0
"Nmel625.77","Nmel625",77,NA,0,0,0,NA,0,NA,0,NA,0,NA,0,0.00268366320026837
"Nmel625.78","Nmel625",78,NA,0,0.00422195416164053,0,NA,0,NA,0,NA,0,NA,0,0
"Nmel625.84","Nmel625",84,NA,0.0011611030478955,0,0,NA,0,NA,0,NA,0,NA,0,0
"Nmel625.85","Nmel625",85,NA,0,0,0.000762970498474059,NA,0,NA,0,NA,0,NA,0,0
"Nmel726.1","Nmel726",1,NA,0,0.0247678018575851,0.425727739726027,NA,1,NA,0,NA,0.913028878441907,NA,0,0
"Nmel726.2","Nmel726",2,NA,0.635070214338507,0.959752321981424,0.121361301369863,NA,0,NA,0,NA,0,NA,0,0.344729681769786
"Nmel726.3","Nmel726",3,NA,0.338137472283814,0,0,NA,0,NA,0.94234592445328,NA,0,NA,0,0.455459600141961
"Nmel726.4","Nmel726",4,NA,0,0,0.303938356164384,NA,0,NA,0,NA,0.0486903962390866,NA,0,0
"Nmel726.5","Nmel726",5,NA,0,0,0.109089611872146,NA,0,NA,0,NA,0.0177971793149765,NA,0,0
"Nmel726.6","Nmel726",6,NA,0,0,0.0174800228310502,NA,0,NA,0,NA,0,NA,0.67741935483871,0.148467999526795
"Nmel726.7","Nmel726",7,NA,0.016629711751663,0,0,NA,0,NA,0.0576540755467197,NA,0,NA,0,0.0328877321660949
"Nmel726.10","Nmel726",10,NA,0,0,0.00870433789954338,NA,0,NA,0,NA,0,NA,0,0
"Nmel726.14","Nmel726",14,NA,0,0,0.00585045662100457,NA,0,NA,0,NA,0,NA,0,0.00307583106589377
"Nmel726.15","Nmel726",15,NA,0,0.0154798761609907,0,NA,0,NA,0,NA,0,NA,0,0
"Nmel726.17","Nmel726",17,NA,0,0,0.000499429223744292,NA,0,NA,0,NA,0,NA,0,0
"Nmel726.18","Nmel726",18,NA,0,0,0,NA,0,NA,0,NA,0.0204835460040295,NA,0.32258064516129,0
"Nmel726.24","Nmel726",24,NA,0,0,0,NA,0,NA,0,NA,0,NA,0,0.0153791553294688
"Nmel726.27","Nmel726",27,NA,0.0101626016260163,0,0,NA,0,NA,0,NA,0,NA,0,0
"Nmel726.29","Nmel726",29,NA,0,0,0.00485159817351598,NA,0,NA,0,NA,0,NA,0,0
"Nmel726.31","Nmel726",31,NA,0,0,0.00249714611872146,NA,0,NA,0,NA,0,NA,0,0
"Nmel729.1","Nmel729",1,NA,0,0.64409648751587,0.400291120815138,NA,NA,NA,0.521909744931328,NA,0.733217592592593,NA,0.714059531348955,0.776722090261283
"Nmel729.2","Nmel729",2,NA,1,0.35590351248413,0.567200388161087,NA,NA,NA,0.268476128188358,NA,0.266782407407407,NA,0.285940468651045,0.124703087885986
"Nmel729.3","Nmel729",3,NA,0,0,0,NA,NA,NA,0.209614126880314,NA,0,NA,0,0
"Nmel729.4","Nmel729",4,NA,0,0,0,NA,NA,NA,0,NA,0,NA,0,0.0985748218527316
"Nmel729.10","Nmel729",10,NA,0,0,0.0184376516254246,NA,NA,NA,0,NA,0,NA,0,0
"Nmel729.11","Nmel729",11,NA,0,0,0.0140708393983503,NA,NA,NA,0,NA,0,NA,0,0
"Nmel810.1","Nmel810",1,NA,0.330805687203791,0.180747567844342,0.547402833272793,NA,0,NA,0.361422308816366,NA,0.385245901639344,NA,0.577651515151515,0.738057576716229
"Nmel810.2","Nmel810",2,NA,0.566113744075829,0.378392217101895,0.284235379585906,NA,0,NA,0.403799318071115,NA,0.556746532156368,NA,0.422348484848485,0.261942423283771
"Nmel810.3","Nmel810",3,NA,0,0.0506912442396313,0,NA,0,NA,0,NA,0,NA,0,0
"Nmel810.4","Nmel810",4,NA,0,0,0.0386850708318198,NA,0,NA,0.0696541646371164,NA,0.0580075662042875,NA,0,0
"Nmel810.5","Nmel810",5,NA,0.0808056872037915,0,0.0494006538321831,NA,0,NA,0.0747686312713103,NA,0,NA,0,0
"Nmel810.7","Nmel810",7,NA,0,0.381464413722478,0,NA,0,NA,0,NA,0,NA,0,0
"Nmel810.9","Nmel810",9,NA,0.00450236966824645,0,0.0670177987649836,NA,0,NA,0.0642961519727228,NA,0,NA,0,0
"Nmel810.11","Nmel810",11,NA,0,0,0.0116236832546313,NA,0,NA,0.0260594252313687,NA,0,NA,0,0
"Nmel810.12","Nmel810",12,NA,0,0,0,NA,1,NA,0,NA,0,NA,0,0
"Nmel810.14","Nmel810",14,NA,0.0177725118483412,0,0,NA,0,NA,0,NA,0,NA,0,0
"Nmel810.15","Nmel810",15,NA,0,0.00870455709165387,0,NA,0,NA,0,NA,0,NA,0,0
"Nmel810.17","Nmel810",17,NA,0,0,0.00163458045768253,NA,0,NA,0,NA,0,NA,0,0
"Nmel815.1","Nmel815",1,NA,0.89247311827957,0.215965787598004,0.383988421694089,NA,0.760266370699223,NA,0.745468962392388,NA,0,NA,0,0.246324774744259
"Nmel815.2","Nmel815",2,NA,0,0,0.0453229737964656,NA,0,NA,0.198459447213412,NA,0.518668012108981,NA,0.0170810810810811,0
"Nmel815.3","Nmel815",3,NA,0,0,0.216636197440585,NA,0,NA,0,NA,0.374369323915237,NA,0.722054054054054,0.234875685929138
"Nmel815.4","Nmel815",4,NA,0,0.298467569493942,0,NA,0,NA,0,NA,0,NA,0,0.18860510805501
"Nmel815.5","Nmel815",5,NA,0.0638882348324307,0,0,NA,0,NA,0,NA,0,NA,0,0
"Nmel815.6","Nmel815",6,NA,0,0.388987883107626,0.116011578305911,NA,0,NA,0.0365881286814681,NA,0,NA,0,0
"Nmel815.7","Nmel815",7,NA,0,0,0,NA,0,NA,0,NA,0,NA,0.0828108108108108,0
"Nmel815.8","Nmel815",8,NA,0,0,0,NA,0.239733629300777,NA,0,NA,0,NA,0.0361081081081081,0.176885034889235
"Nmel815.9","Nmel815",9,NA,0,0.0276193870277976,0,NA,0,NA,0,NA,0,NA,0,0
"Nmel815.12","Nmel815",12,NA,0,0,0.0647471054235222,NA,0,NA,0,NA,0,NA,0,0
"Nmel815.13","Nmel815",13,NA,0,0,0.162934186471664,NA,0,NA,0,NA,0,NA,0,0
"Nmel815.14","Nmel815",14,NA,0.0396358213641001,0,0,NA,0,NA,0,NA,0,NA,0,0
"Nmel815.16","Nmel815",16,NA,0,0,0,NA,0,NA,0,NA,0.0557517658930373,NA,0.122810810810811,0.0294018020459318
"Nmel815.17","Nmel815",17,NA,0,0,0,NA,0,NA,0,NA,0,NA,0,0.0336698055687284
"Nmel815.18","Nmel815",18,NA,0,0,0.00754113345521024,NA,0,NA,0,NA,0,NA,0.016,0.00291308176952781
"Nmel815.19","Nmel815",19,NA,0,0,0,NA,0,NA,0,NA,0,NA,0,0.0653072285075537
"Nmel815.20","Nmel815",20,NA,0,0,0,NA,0,NA,0.0194834617127322,NA,0.0512108980827447,NA,0,0
"Nmel815.21","Nmel815",21,NA,0,0,0,NA,0,NA,0,NA,0,NA,0,0.0193753810717431
"Nmel815.25","Nmel815",25,NA,0,0.061831789023521,0,NA,0,NA,0,NA,0,NA,0,0
"Nmel815.26","Nmel815",26,NA,0.00400282552389922,0,0,NA,0,NA,0,NA,0,NA,0,0
"Nmel815.34","Nmel815",34,NA,0,0.00712758374910905,0,NA,0,NA,0,NA,0,NA,0,0
"Nmel815.35","Nmel815",35,NA,0,0,0,NA,0,NA,0,NA,0,NA,0,0.00264209741887406
"Nmel815.36","Nmel815",36,NA,0,0,0.00281840341255332,NA,0,NA,0,NA,0,NA,0,0
"Nmel815.37","Nmel815",37,NA,0,0,0,NA,0,NA,0,NA,0,NA,0.00313513513513514,0
"Nmel821.1","Nmel821",1,NA,0.351168256601687,0.862629246676514,0.756087437742114,NA,0,NA,0.663023679417122,NA,0.97644539614561,NA,0.641678453559642,0.401409955137791
"Nmel821.2","Nmel821",2,NA,0,0,0,NA,0.773333333333333,NA,0,NA,0.0235546038543897,NA,0,0.369899594103824
"Nmel821.3","Nmel821",3,NA,0.648831743398313,0.0797636632200886,0.218317653569452,NA,0.226666666666667,NA,0.300712038416956,NA,0,NA,0.358321546440358,0.228690450758385
"Nmel821.5","Nmel821",5,NA,0,0,0.0255949086884339,NA,0,NA,0,NA,0,NA,0,0
"Nmel821.9","Nmel821",9,NA,0,0.0576070901033973,0,NA,0,NA,0,NA,0,NA,0,0
"Nmel821.10","Nmel821",10,NA,0,0,0,NA,0,NA,0.0362642821659215,NA,0,NA,0,0
"Nmel89.1","Nmel89",1,NA,0.571206628689798,0.659619450317125,0.487679293858036,NA,0.439330543933054,NA,0.597084548104956,NA,0,NA,0.862405200433369,0.689369828134946
"Nmel89.2","Nmel89",2,NA,0.237700673226308,0.0486257928118393,0.0753953659433615,NA,0,NA,0.165014577259475,NA,0.0996835443037975,NA,0,0.141947803946531
"Nmel89.3","Nmel89",3,NA,0,0,0,NA,0,NA,0,NA,0.642405063291139,NA,0,0.0872056015276894
"Nmel89.5","Nmel89",5,NA,0,0,0,NA,0,NA,0.0845481049562682,NA,0.134493670886076,NA,0.0335861321776815,0
"Nmel89.6","Nmel89",6,NA,0.0502330398757121,0,0.031261493196028,NA,0.282426778242678,NA,0.0664723032069971,NA,0.0110759493670886,NA,0.0530877573131094,0.00509229789942712
"Nmel89.7","Nmel89",7,NA,0,0.150105708245243,0.0216991541007723,NA,0,NA,0,NA,0,NA,0,0
"Nmel89.8","Nmel89",8,NA,0.109787674779907,0,0,NA,0,NA,0,NA,0,NA,0,0
"Nmel89.9","Nmel89",9,NA,0,0,0.0956233909525561,NA,0,NA,0,NA,0,NA,0,0
"Nmel89.10","Nmel89",10,NA,0,0,0.288341301949246,NA,0,NA,0,NA,0.0617088607594937,NA,0.0130010834236186,0
"Nmel89.11","Nmel89",11,NA,0,0,0,NA,0,NA,0.0868804664723032,NA,0.0506329113924051,NA,0.0162513542795233,0.0763844684914067
"Nmel89.13","Nmel89",13,NA,0,0,0,NA,0.278242677824268,NA,0,NA,0,NA,0,0
"Nmel89.14","Nmel89",14,NA,0.0062143966856551,0.0274841437632135,0,NA,0,NA,0,NA,0,NA,0.00975081256771398,0
"Nmel89.15","Nmel89",15,NA,0,0,0,NA,0,NA,0,NA,0,NA,0.0119176598049837,0
"Nmel89.16","Nmel89",16,NA,0,0.114164904862579,0,NA,0,NA,0,NA,0,NA,0,0
"Nmel89.17","Nmel89",17,NA,0.0227861211807354,0,0,NA,0,NA,0,NA,0,NA,0,0
"Nmel89.21","Nmel89",21,NA,0.00207146556188503,0,0,NA,0,NA,0,NA,0,NA,0,0
"Nmel914.1","Nmel914",1,NA,0.577804035629885,0.46840490797546,0,NA,0,NA,0.246156533892383,NA,0.869904289259128,NA,0.358555263458681,0.131239935587762
"Nmel914.2","Nmel914",2,NA,0.422195964370115,0.215644171779141,0.786967080410146,NA,0.246445497630332,NA,0.753843466107617,NA,0.10989010989011,NA,0.641444736541319,0.630837359098229
"Nmel914.3","Nmel914",3,NA,0,0,0,NA,0,NA,0,NA,0,NA,0,0.209742351046699
"Nmel914.4","Nmel914",4,NA,0,0,0,NA,0,NA,0,NA,0,NA,0,0.0281803542673108
"Nmel914.5","Nmel914",5,NA,0,0.212269938650307,0.149217485159201,NA,0,NA,0,NA,0,NA,0,0
"Nmel914.7","Nmel914",7,NA,0,0.103680981595092,0,NA,0.753554502369668,NA,0,NA,0,NA,0,0
"Nmel914.11","Nmel914",11,NA,0,0,0.062061521856449,NA,0,NA,0,NA,0,NA,0,0
"Nmel914.14","Nmel914",14,NA,0,0,0,NA,0,NA,0,NA,0.0202056008507621,NA,0,0
"Nmel914.17","Nmel914",17,NA,0,0,0.00175391257420399,NA,0,NA,0,NA,0,NA,0,0
"Nmel990.1","Nmel990",1,NA,0.756581944064863,0.578538102643857,0.643789302860234,NA,0,NA,0.711167800453515,NA,0,NA,0,0.542670234909307
"Nmel990.2","Nmel990",2,NA,0,0,0.00581513286902428,NA,0.358830146231721,NA,0.0365646258503401,NA,0.0762362637362637,NA,0.223403157568878,0.179898899791853
"Nmel990.3","Nmel990",3,NA,0,0,0,NA,0,NA,0,NA,0.773351648351648,NA,0.568156021050459,0
"Nmel990.4","Nmel990",4,NA,0,0.0876101607050285,0.054499966191088,NA,0,NA,0,NA,0,NA,0,0
"Nmel990.5","Nmel990",5,NA,0.126446205702833,0,0,NA,0,NA,0,NA,0,NA,0,0.152691049658043
"Nmel990.6","Nmel990",6,NA,0,0,0.0684968557711813,NA,0.245219347581552,NA,0.132794784580499,NA,0,NA,0,0.0173951828724353
"Nmel990.7","Nmel990",7,NA,0,0,0,NA,0,NA,0,NA,0.0789835164835165,NA,0.0375606232586936,0
"Nmel990.8","Nmel990",8,NA,0,0.150336962156558,0,NA,0,NA,0,NA,0,NA,0,0
"Nmel990.9","Nmel990",9,NA,0,0,0.0141997430522686,NA,0,NA,0.0548469387755102,NA,0,NA,0,0.0749330954504906
"Nmel990.10","Nmel990",10,NA,0,0,0.0552437622557306,NA,0,NA,0,NA,0,NA,0,0.0324115373178709
"Nmel990.13","Nmel990",13,NA,0,0,0,NA,0.395950506186727,NA,0,NA,0,NA,0,0
"Nmel990.14","Nmel990",14,NA,0,0.183514774494557,0,NA,0,NA,0,NA,0,NA,0,0
"Nmel990.15","Nmel990",15,NA,0.0802587227840029,0,0.0268442761511935,NA,0,NA,0.0646258503401361,NA,0,NA,0,0
"Nmel990.16","Nmel990",16,NA,0.0315204518538763,0,0,NA,0,NA,0,NA,0,NA,0,0
"Nmel990.17","Nmel990",17,NA,0,0,0.121847318953276,NA,0,NA,0,NA,0,NA,0,0
"Nmel990.18","Nmel990",18,NA,0,0,0,NA,0,NA,0,NA,0.0714285714285714,NA,0.111134041894541,0
"Nmel990.20","Nmel990",20,NA,0,0,0,NA,0,NA,0,NA,0,NA,0.00660406562790218,0
"Nmel990.21","Nmel990",21,NA,0,0,0,NA,0,NA,0,NA,0,NA,0.0356000412754102,0
"Nmel990.24","Nmel990",24,NA,0,0,0,NA,0,NA,0,NA,0,NA,0.0136208853575482,0
"Nmel990.25","Nmel990",25,NA,0.00273298715496037,0,0.00101426736087633,NA,0,NA,0,NA,0,NA,0,0
"Nmel990.27","Nmel990",27,NA,0,0,0,NA,0,NA,0,NA,0,NA,0.00392116396656692,0
"Nmel990.31","Nmel990",31,NA,0.00245968843946433,0,0,NA,0,NA,0,NA,0,NA,0,0
"Nmel990.34","Nmel990",34,NA,0,0,0.00824937453512746,NA,0,NA,0,NA,0,NA,0,0
"Nmel994.1","Nmel994",1,NA,0.485588470776621,0.0269163253364541,0.644824467647784,NA,0,NA,0,NA,0.428044280442804,NA,0.0534085084572014,0.259339274462148
"Nmel994.2","Nmel994",2,NA,0.0736589271417134,0.329432416617905,0,NA,0.617376775271512,NA,0.315789473684211,NA,0.567738534528202,NA,0.221117375704767,0
"Nmel994.3","Nmel994",3,NA,0,0,0.0132368659047932,NA,0,NA,0.538744821236765,NA,0,NA,0.494515633008713,0.370330362768926
"Nmel994.4","Nmel994",4,NA,0.417534027221777,0,0.0918358957494039,NA,0,NA,0,NA,0,NA,0,0
"Nmel994.5","Nmel994",5,NA,0,0.518431831480398,0,NA,0,NA,0,NA,0,NA,0,0.253488162750923
"Nmel994.6","Nmel994",6,NA,0,0,0,NA,0,NA,0,NA,0,NA,0.047565351101999,0
"Nmel994.8","Nmel994",8,NA,0,0,0,NA,0,NA,0,NA,0,NA,0,0.0331262939958592
"Nmel994.9","Nmel994",9,NA,0.0159127301841473,0,0,NA,0,NA,0,NA,0,NA,0.0418247052793439,0
"Nmel994.10","Nmel994",10,NA,0.00730584467574059,0.0959625511995319,0.0216229548631094,NA,0.0969089390142022,NA,0,NA,0,NA,0,0
"Nmel994.11","Nmel994",11,NA,0,0,0.0610869029022445,NA,0,NA,0,NA,0,NA,0,0
"Nmel994.12","Nmel994",12,NA,0,0,0.00600180876428513,NA,0,NA,0.145465705079024,NA,0,NA,0.141568426447975,0.0752542983166802
"Nmel994.14","Nmel994",14,NA,0,0,0.131382060346954,NA,0,NA,0,NA,0,NA,0,0
"Nmel994.15","Nmel994",15,NA,0,0.0292568753657109,0,NA,0,NA,0,NA,0,NA,0,0
"Nmel994.16","Nmel994",16,NA,0,0,0,NA,0.285714285714286,NA,0,NA,0,NA,0,0
"Nmel994.18","Nmel994",18,NA,0,0,0.0182520759681,NA,0,NA,0,NA,0,NA,0,0
"Nmel994.23","Nmel994",23,NA,0,0,0.0117569678533257,NA,0,NA,0,NA,0,NA,0,0
"Nmel994.25","Nmel994",25,NA,0,0,0,NA,0,NA,0,NA,0,NA,0,0.00846160770546404
"Nmel994.31","Nmel994",31,NA,0,0,0,NA,0,NA,0,NA,0.00421718502899315,NA,0,0
