"","LMK","LMM","LHS","LSC","ERIW","ERIE","ROC","OSW","ECAN","CAY","CRO","ONO","ONE"
"Nmel1132.1",0.482142857142857,0.339285714285714,0.392857142857143,0.285714285714286,0.111111111111111,0.192307692307692,0.267857142857143,0.166666666666667,0.225,0.333333333333333,0.222222222222222,0.214285714285714,0.178571428571429
"Nmel1132.8",0.0714285714285714,0,0,0,0.111111111111111,0,0,0.0185185185185185,0,0,0,0,0
"Nmel1132.10",0.0714285714285714,0.0178571428571429,0.0357142857142857,0.0714285714285714,0,0,0.0178571428571429,0.0185185185185185,0,0,0,0,0
"Nmel1132.4",0.160714285714286,0.107142857142857,0.160714285714286,0.214285714285714,0.222222222222222,0.0769230769230769,0.0357142857142857,0.0555555555555556,0.025,0,0.0833333333333333,0.0892857142857143,0.232142857142857
"Nmel1132.12",0.0178571428571429,0.0357142857142857,0,0,0.0555555555555556,0,0.0178571428571429,0.0185185185185185,0.025,0.1,0.0277777777777778,0.0178571428571429,0.0535714285714286
"Nmel1132.2",0.0357142857142857,0.285714285714286,0.0714285714285714,0.142857142857143,0.111111111111111,0.192307692307692,0.196428571428571,0.296296296296296,0.225,0.233333333333333,0.111111111111111,0.142857142857143,0.107142857142857
"Nmel1132.7",0.125,0.0535714285714286,0.0892857142857143,0.0357142857142857,0.0555555555555556,0,0.107142857142857,0.12962962962963,0,0,0,0,0.0178571428571429
"Nmel1132.25",0.0178571428571429,0,0.0178571428571429,0,0,0,0,0.0185185185185185,0,0,0,0,0
"Nmel1132.9",0.0178571428571429,0,0,0,0.0555555555555556,0,0.0178571428571429,0.037037037037037,0,0,0,0.0535714285714286,0.0714285714285714
"Nmel1132.5",0,0.160714285714286,0.0714285714285714,0.0714285714285714,0,0.115384615384615,0.0892857142857143,0.0185185185185185,0.1,0.0333333333333333,0.138888888888889,0.196428571428571,0.0714285714285714
"Nmel1132.14",0,0,0.0178571428571429,0.0357142857142857,0,0.0384615384615385,0,0,0.05,0,0.0277777777777778,0,0
"Nmel1132.21",0,0,0.0178571428571429,0,0,0,0,0,0,0,0,0,0.0178571428571429
"Nmel1132.6",0,0,0.0535714285714286,0.0714285714285714,0.0555555555555556,0,0.0892857142857143,0.111111111111111,0,0,0,0.0535714285714286,0.0178571428571429
"Nmel1132.13",0,0,0.0178571428571429,0,0.0555555555555556,0,0.0535714285714286,0.0555555555555556,0.025,0,0.0277777777777778,0,0
"Nmel1132.3",0,0,0.0357142857142857,0.0714285714285714,0.166666666666667,0.307692307692308,0.0892857142857143,0.037037037037037,0.275,0.233333333333333,0.305555555555556,0.214285714285714,0.214285714285714
"Nmel1132.15",0,0,0.0178571428571429,0,0,0,0,0,0,0,0,0,0.0178571428571429
"Nmel1132.38",0,0,0,0,0,0.0384615384615385,0,0.0185185185185185,0,0,0,0,0
"Nmel1132.16",0,0,0,0,0,0.0384615384615385,0,0,0.05,0.0666666666666667,0.0555555555555556,0.0178571428571429,0
"Nmel1132.41",0,0,0,0,0,0,0.0178571428571429,0,0,0,0,0,0
"Nmel140.1",0.482142857142857,0.571428571428571,0.5,0.464285714285714,0.444444444444444,0.230769230769231,0.196428571428571,0.153846153846154,0.425,0.666666666666667,0.388888888888889,0.314814814814815,0.214285714285714
"Nmel140.20",0.0357142857142857,0,0,0,0,0.0769230769230769,0,0,0,0,0,0.0185185185185185,0
"Nmel140.2",0.25,0.178571428571429,0,0.0714285714285714,0,0.423076923076923,0.339285714285714,0.0384615384615385,0.225,0.133333333333333,0.166666666666667,0.296296296296296,0.107142857142857
"Nmel140.5",0.0357142857142857,0.0535714285714286,0.107142857142857,0.142857142857143,0.0555555555555556,0,0.0535714285714286,0.115384615384615,0.075,0.0666666666666667,0.0833333333333333,0,0.0357142857142857
"Nmel140.7",0.107142857142857,0,0.107142857142857,0.0357142857142857,0.0555555555555556,0.0769230769230769,0,0.0576923076923077,0.075,0.0333333333333333,0.0833333333333333,0.037037037037037,0.0535714285714286
"Nmel140.10",0.0892857142857143,0,0,0.0714285714285714,0,0,0.0178571428571429,0,0,0,0.0277777777777778,0,0
"Nmel140.6",0,0.125,0,0.0714285714285714,0,0,0.160714285714286,0.211538461538462,0,0,0.0833333333333333,0.037037037037037,0.196428571428571
"Nmel140.18",0,0.0178571428571429,0.0178571428571429,0,0,0.0384615384615385,0,0,0,0,0,0,0
"Nmel140.3",0,0.0357142857142857,0.107142857142857,0.0357142857142857,0.166666666666667,0.0769230769230769,0.107142857142857,0.115384615384615,0.1,0.0666666666666667,0.0555555555555556,0.111111111111111,0.125
"Nmel140.4",0,0.0178571428571429,0.0178571428571429,0,0.111111111111111,0,0.0535714285714286,0.0576923076923077,0,0,0,0.148148148148148,0.232142857142857
"Nmel140.8",0,0,0.0357142857142857,0,0,0,0.0714285714285714,0.153846153846154,0.025,0,0.0277777777777778,0,0
"Nmel140.9",0,0,0.0892857142857143,0,0,0.0769230769230769,0,0.0384615384615385,0.075,0.0333333333333333,0.0555555555555556,0.037037037037037,0.0178571428571429
"Nmel140.11",0,0,0.0178571428571429,0,0.111111111111111,0,0,0.0384615384615385,0,0,0,0,0
"Nmel140.21",0,0,0,0.0357142857142857,0.0555555555555556,0,0,0,0,0,0.0277777777777778,0,0
"Nmel140.14",0,0,0,0.0714285714285714,0,0,0,0.0192307692307692,0,0,0,0,0
"Nmel140.33",0,0,0,0,0,0,0,0,0,0,0,0,0.0178571428571429
"Nmel1462.6",0.0892857142857143,0.125,0.0357142857142857,0,0,0,0.0535714285714286,0.0892857142857143,0.025,0,0.0277777777777778,0,0
"Nmel1462.5",0.0892857142857143,0.0178571428571429,0,0.107142857142857,0.111111111111111,0,0.0357142857142857,0.0535714285714286,0,0.1,0.111111111111111,0.0714285714285714,0.0892857142857143
"Nmel1462.1",0.767857142857143,0.25,0.714285714285714,0.321428571428571,0.666666666666667,0.538461538461538,0.696428571428571,0.607142857142857,0.45,0.4,0.388888888888889,0.428571428571429,0.607142857142857
"Nmel1462.2",0.0178571428571429,0,0.0714285714285714,0.178571428571429,0,0.0769230769230769,0.0357142857142857,0.107142857142857,0.075,0,0.0277777777777778,0.107142857142857,0.142857142857143
"Nmel1462.17",0.0178571428571429,0,0,0,0,0,0,0.0178571428571429,0,0,0,0.0178571428571429,0
"Nmel1462.4",0.0178571428571429,0.0535714285714286,0,0.107142857142857,0.111111111111111,0.0769230769230769,0.0535714285714286,0.0178571428571429,0.1,0.166666666666667,0.0833333333333333,0.142857142857143,0.0892857142857143
"Nmel1462.8",0,0.303571428571429,0,0,0,0.0384615384615385,0,0.0357142857142857,0,0,0,0,0
"Nmel1462.3",0,0.0178571428571429,0.0357142857142857,0,0,0.115384615384615,0.0714285714285714,0.0535714285714286,0.175,0.233333333333333,0.305555555555556,0.196428571428571,0.0714285714285714
"Nmel1462.20",0,0.0178571428571429,0.0178571428571429,0,0,0,0,0,0,0,0,0,0
"Nmel1462.11",0,0.125,0,0,0.0555555555555556,0,0,0,0,0,0,0,0
"Nmel1462.7",0,0.0178571428571429,0.0178571428571429,0.178571428571429,0,0.0769230769230769,0.0535714285714286,0.0178571428571429,0.075,0.1,0.0555555555555556,0.0357142857142857,0
"Nmel1462.9",0,0.0357142857142857,0.0357142857142857,0.0357142857142857,0.0555555555555556,0,0,0,0.025,0,0,0,0
"Nmel1462.12",0,0.0178571428571429,0,0.0714285714285714,0,0.0384615384615385,0,0,0.075,0,0,0,0
"Nmel1462.14",0,0.0178571428571429,0.0357142857142857,0,0,0.0384615384615385,0,0,0,0,0,0,0
"Nmel1462.22",0,0,0.0357142857142857,0,0,0,0,0,0,0,0,0,0
"Nmel1486.1",0.6,0.58,0.642857142857143,0.357142857142857,0.833333333333333,0.307692307692308,0.269230769230769,0.388888888888889,0.375,0.566666666666667,0.583333333333333,0.517857142857143,0.272727272727273
"Nmel1486.8",0.12,0,0,0.0357142857142857,0.111111111111111,0,0,0.0185185185185185,0,0,0,0,0
"Nmel1486.5",0.2,0.3,0.0357142857142857,0,0,0,0.0192307692307692,0.037037037037037,0,0,0,0.0714285714285714,0
"Nmel1486.3",0.02,0,0.0535714285714286,0.0357142857142857,0,0.115384615384615,0.173076923076923,0.12962962962963,0.05,0.166666666666667,0.194444444444444,0.214285714285714,0.181818181818182
"Nmel1486.6",0.06,0,0.107142857142857,0.0357142857142857,0,0,0.115384615384615,0.12962962962963,0,0,0,0,0
"Nmel1486.29",0,0.02,0,0,0,0,0,0,0,0,0,0,0
"Nmel1486.4",0,0.06,0,0.214285714285714,0,0.0384615384615385,0,0,0,0,0,0,0.159090909090909
"Nmel1486.2",0,0.02,0.0535714285714286,0.178571428571429,0.0555555555555556,0.307692307692308,0.25,0.111111111111111,0.4,0.133333333333333,0.111111111111111,0.142857142857143,0.340909090909091
"Nmel1486.11",0,0.02,0,0,0,0.0384615384615385,0.0384615384615385,0.0185185185185185,0.025,0,0.0277777777777778,0.0178571428571429,0
"Nmel1486.10",0,0,0.0714285714285714,0.0357142857142857,0,0.153846153846154,0,0,0,0,0,0,0
"Nmel1486.12",0,0,0.0178571428571429,0,0,0,0,0.037037037037037,0,0,0,0,0
"Nmel1486.25",0,0,0.0178571428571429,0,0,0,0,0.0185185185185185,0,0,0,0,0
"Nmel1486.13",0,0,0,0.0357142857142857,0,0,0,0.0185185185185185,0.025,0,0,0.0357142857142857,0
"Nmel1486.35",0,0,0,0.0357142857142857,0,0,0,0,0,0,0,0,0
"Nmel1486.17",0,0,0,0.0357142857142857,0,0,0,0,0,0,0,0,0
"Nmel1486.7",0,0,0,0,0,0.0384615384615385,0,0,0.125,0.0666666666666667,0.0833333333333333,0,0.0454545454545455
"Nmel1486.16",0,0,0,0,0,0,0.0192307692307692,0,0,0,0,0,0
"Nmel1486.9",0,0,0,0,0,0,0.0961538461538462,0.0925925925925926,0,0,0,0,0
"Nmel1486.27",0,0,0,0,0,0,0.0192307692307692,0,0,0,0,0,0
"Nmel1486.20",0,0,0,0,0,0,0,0,0,0.0333333333333333,0,0,0
"Nmel1486.14",0,0,0,0,0,0,0,0,0,0.0333333333333333,0,0,0
"Nmel1566.3",0.178571428571429,0.285714285714286,0.196428571428571,0.0714285714285714,0.111111111111111,0.0769230769230769,0,0,0.15,0.266666666666667,0.222222222222222,0.0178571428571429,0.111111111111111
"Nmel1566.8",0.232142857142857,0.0178571428571429,0,0.0357142857142857,0,0.153846153846154,0.160714285714286,0.0357142857142857,0.075,0.0666666666666667,0.0833333333333333,0.0357142857142857,0.0185185185185185
"Nmel1566.6",0.0178571428571429,0.0357142857142857,0.0714285714285714,0.0357142857142857,0,0.0384615384615385,0.0357142857142857,0.0714285714285714,0.1,0.1,0.138888888888889,0.142857142857143,0.12962962962963
"Nmel1566.1",0.25,0.196428571428571,0.0892857142857143,0.285714285714286,0.222222222222222,0.307692307692308,0.178571428571429,0.232142857142857,0.35,0.233333333333333,0.305555555555556,0.517857142857143,0.37037037037037
"Nmel1566.2",0.125,0.0535714285714286,0.267857142857143,0.0714285714285714,0.277777777777778,0.115384615384615,0.125,0.303571428571429,0.15,0.2,0.0555555555555556,0.178571428571429,0.185185185185185
"Nmel1566.22",0.0178571428571429,0,0,0,0,0,0,0,0,0,0,0,0
"Nmel1566.14",0.0535714285714286,0.0178571428571429,0,0,0,0.0384615384615385,0.0178571428571429,0,0,0,0,0,0
"Nmel1566.4",0.0535714285714286,0.196428571428571,0.0535714285714286,0.0714285714285714,0,0,0.0892857142857143,0.125,0,0,0,0.0178571428571429,0
"Nmel1566.7",0.0178571428571429,0.0892857142857143,0.0357142857142857,0,0,0.0384615384615385,0,0,0,0,0,0.0178571428571429,0
"Nmel1566.13",0.0178571428571429,0,0,0.0714285714285714,0,0.115384615384615,0,0,0,0,0.0277777777777778,0,0
"Nmel1566.15",0.0357142857142857,0.0357142857142857,0.0178571428571429,0,0.111111111111111,0,0,0.0178571428571429,0,0,0,0,0
"Nmel1566.9",0,0.0178571428571429,0.107142857142857,0.107142857142857,0.166666666666667,0.0384615384615385,0.0178571428571429,0,0,0.0666666666666667,0.0833333333333333,0.0178571428571429,0.037037037037037
"Nmel1566.12",0,0.0535714285714286,0,0,0.0555555555555556,0.0384615384615385,0,0.0357142857142857,0,0,0,0,0
"Nmel1566.10",0,0,0.0178571428571429,0,0,0,0.125,0.0535714285714286,0.025,0,0,0,0
"Nmel1566.30",0,0,0.0178571428571429,0,0,0,0,0,0,0,0,0,0
"Nmel1566.11",0,0,0.0357142857142857,0,0,0,0.107142857142857,0,0,0,0,0,0
"Nmel1566.19",0,0,0.0892857142857143,0,0,0,0,0,0,0,0,0,0.0185185185185185
"Nmel1566.5",0,0,0,0.178571428571429,0,0,0.107142857142857,0.0357142857142857,0.1,0.0333333333333333,0,0.0178571428571429,0.12962962962963
"Nmel1566.35",0,0,0,0.0357142857142857,0,0,0,0,0,0,0,0,0
"Nmel1566.28",0,0,0,0.0357142857142857,0,0,0,0,0,0,0,0,0
"Nmel1566.31",0,0,0,0,0.0555555555555556,0,0,0,0,0,0,0,0
"Nmel1566.36",0,0,0,0,0,0.0384615384615385,0,0,0,0,0.0277777777777778,0,0
"Nmel1566.21",0,0,0,0,0,0,0.0357142857142857,0.0714285714285714,0,0,0,0,0
"Nmel1566.29",0,0,0,0,0,0,0,0.0178571428571429,0,0,0,0,0
"Nmel1566.18",0,0,0,0,0,0,0,0,0.025,0,0,0.0178571428571429,0
"Nmel1566.34",0,0,0,0,0,0,0,0,0.025,0,0,0.0178571428571429,0
"Nmel1566.25",0,0,0,0,0,0,0,0,0,0.0333333333333333,0,0,0
"Nmel1566.39",0,0,0,0,0,0,0,0,0,0,0.0277777777777778,0,0
"Nmel1566.61",0,0,0,0,0,0,0,0,0,0,0.0277777777777778,0,0
"Nmel262.2",0.660714285714286,0.696428571428571,0.535714285714286,0.538461538461538,0.428571428571429,0.615384615384615,0.5,0.537037037037037,0.575,0.433333333333333,0.611111111111111,0.5,0.589285714285714
"Nmel262.1",0.267857142857143,0.107142857142857,0.25,0.346153846153846,0.285714285714286,0.346153846153846,0.428571428571429,0.296296296296296,0.35,0.466666666666667,0.277777777777778,0.333333333333333,0.357142857142857
"Nmel262.9",0.0178571428571429,0.0535714285714286,0,0.0384615384615385,0,0,0.0178571428571429,0.0185185185185185,0,0,0,0.0185185185185185,0
"Nmel262.4",0.0535714285714286,0.0714285714285714,0.142857142857143,0.0384615384615385,0.142857142857143,0.0384615384615385,0.0357142857142857,0.111111111111111,0.025,0.0333333333333333,0.0277777777777778,0.037037037037037,0.0178571428571429
"Nmel262.12",0,0.0357142857142857,0.0357142857142857,0,0,0,0,0,0.025,0,0,0,0
"Nmel262.3",0,0.0178571428571429,0.0357142857142857,0,0.0714285714285714,0,0,0.037037037037037,0,0.0666666666666667,0.0833333333333333,0.111111111111111,0.0178571428571429
"Nmel262.42",0,0.0178571428571429,0,0,0,0,0,0,0,0,0,0,0
"Nmel262.17",0,0,0,0.0384615384615385,0,0,0,0,0,0,0,0,0
"Nmel262.19",0,0,0,0,0.0714285714285714,0,0,0,0,0,0,0,0.0178571428571429
"Nmel262.23",0,0,0,0,0,0,0.0178571428571429,0,0,0,0,0,0
"Nmel262.27",0,0,0,0,0,0,0,0,0.025,0,0,0,0
"Nmel299.9",0.107142857142857,0.232142857142857,0.0576923076923077,0,0,0.0384615384615385,0.0185185185185185,0,0,0,0,0,0
"Nmel299.10",0.0357142857142857,0.107142857142857,0,0,0,0,0.0555555555555556,0.0357142857142857,0,0,0,0.0357142857142857,0
"Nmel299.3",0.482142857142857,0.0178571428571429,0.192307692307692,0.0357142857142857,0.0555555555555556,0.0769230769230769,0.037037037037037,0.0714285714285714,0.210526315789474,0.0666666666666667,0.138888888888889,0.214285714285714,0.267857142857143
"Nmel299.11",0.0892857142857143,0,0,0,0,0,0.037037037037037,0,0.0263157894736842,0,0,0,0.0178571428571429
"Nmel299.8",0.0357142857142857,0.107142857142857,0.0384615384615385,0.142857142857143,0,0,0,0,0,0.0666666666666667,0.0555555555555556,0.0535714285714286,0
"Nmel299.2",0.0714285714285714,0.285714285714286,0.461538461538462,0.142857142857143,0.444444444444444,0.269230769230769,0.314814814814815,0.375,0.210526315789474,0.0333333333333333,0.0277777777777778,0.0892857142857143,0
"Nmel299.5",0.0357142857142857,0,0.0192307692307692,0.142857142857143,0.0555555555555556,0.153846153846154,0.0740740740740741,0.0535714285714286,0.0526315789473684,0.166666666666667,0.0833333333333333,0.107142857142857,0.0357142857142857
"Nmel299.4",0.0357142857142857,0.0178571428571429,0.0384615384615385,0,0.0555555555555556,0.0384615384615385,0.0925925925925926,0.125,0.131578947368421,0.133333333333333,0.166666666666667,0.196428571428571,0.160714285714286
"Nmel299.1",0.0535714285714286,0.178571428571429,0.0192307692307692,0.25,0.277777777777778,0.0769230769230769,0.277777777777778,0.232142857142857,0.263157894736842,0.333333333333333,0.277777777777778,0.196428571428571,0.392857142857143
"Nmel299.6",0.0535714285714286,0.0357142857142857,0.0576923076923077,0.0357142857142857,0,0.0384615384615385,0.0185185185185185,0.0357142857142857,0.0263157894736842,0.166666666666667,0.138888888888889,0.0714285714285714,0.0714285714285714
"Nmel299.7",0,0.0178571428571429,0.0961538461538462,0.142857142857143,0.0555555555555556,0.115384615384615,0.037037037037037,0.0714285714285714,0.0263157894736842,0,0.111111111111111,0,0
"Nmel299.15",0,0,0.0192307692307692,0.0714285714285714,0,0,0,0,0,0,0,0,0
"Nmel299.14",0,0,0,0.0357142857142857,0.0555555555555556,0,0.0185185185185185,0,0,0.0333333333333333,0,0,0
"Nmel299.13",0,0,0,0,0,0.0769230769230769,0.0185185185185185,0,0,0,0,0,0.0178571428571429
"Nmel299.16",0,0,0,0,0,0.0384615384615385,0,0,0.0263157894736842,0,0,0,0
"Nmel299.12",0,0,0,0,0,0.0769230769230769,0,0,0.0263157894736842,0,0,0.0357142857142857,0.0357142857142857
"Nmel32.1",0.666666666666667,0.87037037037037,0.32,0.357142857142857,0.166666666666667,0.545454545454545,0.596153846153846,0.454545454545455,0.526315789473684,0.333333333333333,0.416666666666667,0.653846153846154,0.5
"Nmel32.2",0.270833333333333,0.0555555555555556,0.4,0.285714285714286,0.722222222222222,0.318181818181818,0.307692307692308,0.409090909090909,0.473684210526316,0.6,0.555555555555556,0.326923076923077,0.204545454545455
"Nmel32.3",0.0625,0.0740740740740741,0.18,0.0357142857142857,0,0.136363636363636,0.0576923076923077,0.0909090909090909,0,0.0333333333333333,0,0,0.159090909090909
"Nmel32.7",0,0,0.04,0,0,0,0.0384615384615385,0,0,0,0,0,0
"Nmel32.4",0,0,0.06,0.107142857142857,0.111111111111111,0,0,0,0,0.0333333333333333,0.0277777777777778,0.0192307692307692,0.136363636363636
"Nmel32.5",0,0,0,0.214285714285714,0,0,0,0,0,0,0,0,0
"Nmel32.6",0,0,0,0,0,0,0,0.0454545454545455,0,0,0,0,0
"Nmel344.4",0.235294117647059,0.0909090909090909,0.0714285714285714,0.357142857142857,0.166666666666667,0,0,0,0,0,0,0.0333333333333333,0
"Nmel344.2",0.411764705882353,0.0909090909090909,0.107142857142857,0,0.25,0.333333333333333,0.05,0.0555555555555556,0,0,0.181818181818182,0.133333333333333,0.0714285714285714
"Nmel344.3",0.117647058823529,0.272727272727273,0,0,0,0.0833333333333333,0.05,0,0.133333333333333,0,0.0909090909090909,0,0.0714285714285714
"Nmel344.1",0.235294117647059,0.545454545454545,0.464285714285714,0.214285714285714,0.166666666666667,0.5,0.775,0.916666666666667,0.533333333333333,0.923076923076923,0.727272727272727,0.7,0.785714285714286
"Nmel344.9",0,0,0.178571428571429,0,0,0,0,0,0,0,0,0,0
"Nmel344.8",0,0,0.0357142857142857,0.142857142857143,0,0,0,0,0.266666666666667,0,0,0,0
"Nmel344.6",0,0,0.0714285714285714,0,0.0833333333333333,0.0833333333333333,0.125,0.0277777777777778,0,0,0,0,0
"Nmel344.7",0,0,0.0714285714285714,0,0,0,0,0,0,0,0,0.0666666666666667,0
"Nmel344.10",0,0,0,0.142857142857143,0.166666666666667,0,0,0,0.0666666666666667,0,0,0,0
"Nmel344.14",0,0,0,0.142857142857143,0,0,0,0,0,0,0,0,0
"Nmel344.11",0,0,0,0,0.166666666666667,0,0,0,0,0,0,0,0.0714285714285714
"Nmel344.12",0,0,0,0,0,0,0,0,0,0.0769230769230769,0,0.0666666666666667,0
"Nmel351.4",0.222222222222222,0.425925925925926,0.0357142857142857,0.142857142857143,0,0,0.0555555555555556,0,0.075,0.1,0.0833333333333333,0.0357142857142857,0
"Nmel351.3",0.462962962962963,0.111111111111111,0.0178571428571429,0.0714285714285714,0,0.269230769230769,0.203703703703704,0.0740740740740741,0.125,0.1,0.0555555555555556,0.0357142857142857,0.0357142857142857
"Nmel351.9",0.037037037037037,0,0,0.0714285714285714,0.0555555555555556,0.0384615384615385,0,0,0.05,0.133333333333333,0.0277777777777778,0.0714285714285714,0.0357142857142857
"Nmel351.8",0.0740740740740741,0.0185185185185185,0.0357142857142857,0,0,0,0.148148148148148,0.185185185185185,0.05,0.0666666666666667,0,0.0357142857142857,0.0892857142857143
"Nmel351.1",0.037037037037037,0.0555555555555556,0.446428571428571,0.357142857142857,0.388888888888889,0.192307692307692,0.296296296296296,0.111111111111111,0.05,0.2,0.138888888888889,0.0892857142857143,0.410714285714286
"Nmel351.2",0.0555555555555556,0.037037037037037,0.160714285714286,0.142857142857143,0.111111111111111,0.307692307692308,0.166666666666667,0.296296296296296,0.4,0.233333333333333,0.361111111111111,0.446428571428571,0.267857142857143
"Nmel351.10",0.0185185185185185,0.148148148148148,0.0892857142857143,0.0357142857142857,0,0,0,0.0185185185185185,0,0,0,0.0892857142857143,0.0357142857142857
"Nmel351.11",0.0185185185185185,0,0,0,0.0555555555555556,0.0769230769230769,0,0,0,0,0.0277777777777778,0.0178571428571429,0
"Nmel351.13",0.0185185185185185,0,0,0,0,0,0,0,0,0,0,0,0
"Nmel351.7",0.037037037037037,0.0555555555555556,0.0892857142857143,0.107142857142857,0.166666666666667,0.0384615384615385,0.037037037037037,0.0555555555555556,0.05,0,0,0,0
"Nmel351.5",0.0185185185185185,0.148148148148148,0.107142857142857,0,0.111111111111111,0.0384615384615385,0.0185185185185185,0.240740740740741,0.025,0.0666666666666667,0.0833333333333333,0.0714285714285714,0.0357142857142857
"Nmel351.6",0,0,0.0178571428571429,0.0714285714285714,0,0.0384615384615385,0.0740740740740741,0.0185185185185185,0.175,0.1,0.222222222222222,0.107142857142857,0.0892857142857143
"Nmel351.14",0,0,0,0,0.0555555555555556,0,0,0,0,0,0,0,0
"Nmel351.15",0,0,0,0,0.0555555555555556,0,0,0,0,0,0,0,0
"Nmel363.3",0.321428571428571,0.0357142857142857,0.267857142857143,0.357142857142857,0.277777777777778,0.192307692307692,0.178571428571429,0.25,0.125,0.166666666666667,0.305555555555556,0.0535714285714286,0.178571428571429
"Nmel363.2",0.25,0.303571428571429,0.285714285714286,0.142857142857143,0.277777777777778,0.153846153846154,0.0535714285714286,0.0714285714285714,0.15,0.333333333333333,0.166666666666667,0.232142857142857,0.339285714285714
"Nmel363.1",0.25,0.285714285714286,0.142857142857143,0.142857142857143,0.0555555555555556,0.384615384615385,0.607142857142857,0.375,0.55,0.3,0.194444444444444,0.464285714285714,0.232142857142857
"Nmel363.4",0.0892857142857143,0.142857142857143,0.196428571428571,0.0357142857142857,0.0555555555555556,0.192307692307692,0.0714285714285714,0.107142857142857,0.025,0.166666666666667,0.0555555555555556,0.0357142857142857,0.0535714285714286
"Nmel363.5",0.0892857142857143,0.0892857142857143,0.0357142857142857,0,0.166666666666667,0.0769230769230769,0.0178571428571429,0,0.125,0,0.111111111111111,0.107142857142857,0
"Nmel363.14",0,0.0535714285714286,0,0,0.0555555555555556,0,0,0,0,0,0,0,0
"Nmel363.17",0,0.0178571428571429,0,0,0,0,0,0,0,0,0,0,0
"Nmel363.10",0,0.0178571428571429,0.0714285714285714,0.0714285714285714,0,0,0,0.0357142857142857,0,0,0,0,0
"Nmel363.9",0,0.0535714285714286,0,0,0,0,0.0357142857142857,0.0178571428571429,0.025,0,0.0277777777777778,0.0178571428571429,0.0357142857142857
"Nmel363.6",0,0,0,0.0714285714285714,0,0,0.0178571428571429,0.0357142857142857,0,0.0333333333333333,0.138888888888889,0.0535714285714286,0.0178571428571429
"Nmel363.8",0,0,0,0.107142857142857,0.111111111111111,0,0,0,0,0,0,0,0
"Nmel363.11",0,0,0,0.0714285714285714,0,0,0,0,0,0,0,0,0
"Nmel363.7",0,0,0,0,0,0,0.0178571428571429,0.107142857142857,0,0,0,0.0357142857142857,0.142857142857143
"Nmel403.1",0.196428571428571,0.482142857142857,0.339285714285714,0.178571428571429,0.222222222222222,0.153846153846154,0.178571428571429,0.196428571428571,0.2,0.233333333333333,0.305555555555556,0.178571428571429,0.0178571428571429
"Nmel403.2",0.357142857142857,0.339285714285714,0.160714285714286,0.392857142857143,0.444444444444444,0.346153846153846,0.321428571428571,0.285714285714286,0.125,0.2,0.194444444444444,0.178571428571429,0.232142857142857
"Nmel403.12",0.0714285714285714,0,0,0,0,0,0,0,0,0,0,0.0357142857142857,0.107142857142857
"Nmel403.3",0.178571428571429,0.0535714285714286,0.232142857142857,0.107142857142857,0.111111111111111,0.0384615384615385,0.196428571428571,0.214285714285714,0.025,0.0333333333333333,0,0.0357142857142857,0
"Nmel403.4",0.0892857142857143,0,0.0178571428571429,0,0,0.115384615384615,0.0714285714285714,0.0714285714285714,0.175,0.0666666666666667,0.0277777777777778,0.0357142857142857,0.0357142857142857
"Nmel403.23",0.0178571428571429,0,0.0178571428571429,0,0,0,0,0,0,0,0,0,0
"Nmel403.8",0.0357142857142857,0.0178571428571429,0.0714285714285714,0,0,0.0769230769230769,0.0714285714285714,0.0178571428571429,0.125,0.0666666666666667,0.166666666666667,0.125,0.107142857142857
"Nmel403.6",0.0178571428571429,0,0,0,0,0.192307692307692,0.125,0.107142857142857,0.075,0.133333333333333,0.0833333333333333,0.0714285714285714,0.0714285714285714
"Nmel403.9",0.0178571428571429,0,0,0,0,0.0384615384615385,0.0178571428571429,0,0.15,0.166666666666667,0.0555555555555556,0.0357142857142857,0.0178571428571429
"Nmel403.49",0.0178571428571429,0,0,0,0,0,0,0,0,0,0,0,0
"Nmel403.10",0,0.0714285714285714,0,0.25,0.0555555555555556,0,0,0.0714285714285714,0.025,0,0.0277777777777778,0,0
"Nmel403.13",0,0.0178571428571429,0.0178571428571429,0.0357142857142857,0,0,0,0,0,0,0,0,0
"Nmel403.5",0,0.0178571428571429,0.0357142857142857,0,0,0.0384615384615385,0,0,0.075,0.1,0.138888888888889,0.178571428571429,0.0892857142857143
"Nmel403.19",0,0,0.0357142857142857,0,0,0,0,0,0,0,0,0,0
"Nmel403.27",0,0,0.0357142857142857,0,0,0,0,0,0,0,0,0,0
"Nmel403.11",0,0,0.0178571428571429,0,0.0555555555555556,0,0,0,0,0,0,0.0357142857142857,0.0535714285714286
"Nmel403.21",0,0,0.0178571428571429,0.0357142857142857,0.0555555555555556,0,0.0178571428571429,0.0178571428571429,0,0,0,0,0
"Nmel403.47",0,0,0,0,0.0555555555555556,0,0,0,0,0,0,0,0
"Nmel403.7",0,0,0,0,0,0,0,0.0178571428571429,0,0,0,0.0892857142857143,0.267857142857143
"Nmel403.52",0,0,0,0,0,0,0,0,0.025,0,0,0,0
"Nmel405.2",0.107142857142857,0.0892857142857143,0.0178571428571429,0.142857142857143,0.0555555555555556,0.461538461538462,0.125,0.0714285714285714,0.325,0.4,0.305555555555556,0.232142857142857,0.0714285714285714
"Nmel405.5",0.392857142857143,0.375,0.178571428571429,0,0.111111111111111,0,0.142857142857143,0.0892857142857143,0,0,0,0,0
"Nmel405.1",0.267857142857143,0.321428571428571,0.160714285714286,0.0357142857142857,0.111111111111111,0,0.160714285714286,0.160714285714286,0.05,0.133333333333333,0.0833333333333333,0.142857142857143,0.339285714285714
"Nmel405.8",0.0357142857142857,0.0178571428571429,0.160714285714286,0.0714285714285714,0.111111111111111,0,0.0357142857142857,0.0357142857142857,0,0,0,0.0178571428571429,0.0357142857142857
"Nmel405.24",0.0178571428571429,0,0,0,0,0,0,0,0,0.0333333333333333,0,0,0
"Nmel405.3",0.0535714285714286,0.0714285714285714,0.107142857142857,0,0.111111111111111,0,0.214285714285714,0.232142857142857,0.2,0.133333333333333,0.0833333333333333,0.0357142857142857,0.0714285714285714
"Nmel405.4",0.0357142857142857,0.0357142857142857,0.0357142857142857,0.142857142857143,0,0.307692307692308,0.160714285714286,0.0178571428571429,0.1,0.1,0.166666666666667,0.267857142857143,0.125
"Nmel405.11",0.0714285714285714,0,0.0357142857142857,0.0714285714285714,0.0555555555555556,0,0,0,0,0.1,0.0277777777777778,0.0714285714285714,0
"Nmel405.9",0.0178571428571429,0,0.0714285714285714,0.142857142857143,0,0,0.0178571428571429,0.0714285714285714,0.1,0.0333333333333333,0.0833333333333333,0.0178571428571429,0
"Nmel405.18",0,0.0357142857142857,0.0178571428571429,0,0,0,0.0357142857142857,0.0178571428571429,0,0,0,0,0
"Nmel405.6",0,0.0357142857142857,0,0.0714285714285714,0.111111111111111,0,0.0178571428571429,0.0714285714285714,0.05,0.0666666666666667,0.0555555555555556,0.0178571428571429,0.107142857142857
"Nmel405.13",0,0.0178571428571429,0,0,0.111111111111111,0,0,0.0178571428571429,0.025,0,0,0.0178571428571429,0
"Nmel405.10",0,0,0.0535714285714286,0,0,0,0,0.0714285714285714,0.025,0,0.0277777777777778,0.0535714285714286,0.0714285714285714
"Nmel405.14",0,0,0.0178571428571429,0.0714285714285714,0,0.0769230769230769,0.0178571428571429,0,0.075,0,0.0277777777777778,0.0178571428571429,0
"Nmel405.12",0,0,0.0357142857142857,0.0714285714285714,0,0,0.0535714285714286,0,0.025,0,0.0277777777777778,0.0178571428571429,0
"Nmel405.7",0,0,0.0892857142857143,0.0357142857142857,0.222222222222222,0.0769230769230769,0,0.0892857142857143,0,0,0,0.0357142857142857,0.142857142857143
"Nmel405.17",0,0,0.0178571428571429,0.0357142857142857,0,0.0384615384615385,0,0.0178571428571429,0.025,0,0,0,0
"Nmel405.21",0,0,0,0.0357142857142857,0,0,0,0,0,0,0,0,0
"Nmel405.22",0,0,0,0.0357142857142857,0,0,0,0,0,0,0,0,0
"Nmel405.20",0,0,0,0.0357142857142857,0,0,0,0,0,0,0.0277777777777778,0,0
"Nmel405.15",0,0,0,0,0,0.0384615384615385,0.0178571428571429,0.0357142857142857,0,0,0,0.0535714285714286,0.0357142857142857
"Nmel405.19",0,0,0,0,0,0,0,0,0,0,0.0833333333333333,0,0
"Nmel411.8",0.037037037037037,0,0.04,0.0357142857142857,0,0,0.0192307692307692,0.02,0,0,0,0.0192307692307692,0
"Nmel411.1",0.444444444444444,0.208333333333333,0.3,0.0357142857142857,0.333333333333333,0.346153846153846,0.307692307692308,0.32,0.45,0.5,0.388888888888889,0.346153846153846,0.214285714285714
"Nmel411.2",0.222222222222222,0.354166666666667,0.2,0.25,0.111111111111111,0.115384615384615,0.25,0.34,0.05,0.166666666666667,0.0833333333333333,0.211538461538462,0.392857142857143
"Nmel411.12",0.037037037037037,0,0,0,0,0,0.0192307692307692,0,0,0,0,0.0192307692307692,0
"Nmel411.4",0.0925925925925926,0,0,0.178571428571429,0,0.0384615384615385,0.0961538461538462,0.02,0.05,0.1,0.111111111111111,0.0384615384615385,0.0892857142857143
"Nmel411.3",0.037037037037037,0.125,0.04,0,0.111111111111111,0.192307692307692,0,0.02,0.1,0.133333333333333,0.166666666666667,0.115384615384615,0.0535714285714286
"Nmel411.6",0.111111111111111,0.0416666666666667,0.18,0.357142857142857,0.166666666666667,0.0769230769230769,0.0769230769230769,0.14,0.075,0.0666666666666667,0,0.0192307692307692,0.0714285714285714
"Nmel411.7",0.0185185185185185,0.0833333333333333,0.04,0.107142857142857,0,0,0,0,0.05,0.0333333333333333,0.0277777777777778,0.0192307692307692,0.0535714285714286
"Nmel411.5",0,0.145833333333333,0,0,0.166666666666667,0.230769230769231,0.173076923076923,0.06,0.175,0,0.194444444444444,0.173076923076923,0.0892857142857143
"Nmel411.20",0,0.0208333333333333,0,0,0,0,0,0,0,0,0,0,0
"Nmel411.11",0,0.0208333333333333,0,0,0,0,0.0384615384615385,0,0,0,0,0,0
"Nmel411.13",0,0,0.02,0,0,0,0,0,0,0,0,0,0
"Nmel411.14",0,0,0.1,0,0,0,0,0.04,0,0,0,0,0
"Nmel411.31",0,0,0.04,0,0,0,0,0,0,0,0,0,0
"Nmel411.9",0,0,0.04,0,0,0,0,0,0,0,0,0,0
"Nmel411.18",0,0,0,0.0357142857142857,0,0,0,0.02,0,0,0,0,0
"Nmel411.10",0,0,0,0,0.0555555555555556,0,0.0192307692307692,0,0,0,0.0277777777777778,0,0.0178571428571429
"Nmel411.15",0,0,0,0,0.0555555555555556,0,0,0,0.05,0,0,0.0192307692307692,0
"Nmel411.22",0,0,0,0,0,0,0,0.02,0,0,0,0.0192307692307692,0
"Nmel411.24",0,0,0,0,0,0,0,0,0,0,0,0,0.0178571428571429
"Nmel422.1",0.285714285714286,0.375,0.25,0.392857142857143,0.388888888888889,0.346153846153846,0.339285714285714,0.428571428571429,0.175,0.1,0.166666666666667,0.192307692307692,0.142857142857143
"Nmel422.2",0.428571428571429,0.321428571428571,0.339285714285714,0.428571428571429,0.444444444444444,0.576923076923077,0.607142857142857,0.482142857142857,0.8,0.833333333333333,0.75,0.673076923076923,0.857142857142857
"Nmel422.3",0.142857142857143,0.0892857142857143,0.285714285714286,0.0714285714285714,0.166666666666667,0.0769230769230769,0.0178571428571429,0.0178571428571429,0,0,0,0.0192307692307692,0
"Nmel422.4",0.142857142857143,0.214285714285714,0,0,0,0,0.0357142857142857,0.0535714285714286,0,0,0,0,0
"Nmel422.6",0,0,0.0714285714285714,0.0357142857142857,0,0,0,0,0.025,0,0.0277777777777778,0,0
"Nmel422.12",0,0,0.0357142857142857,0,0,0,0,0,0,0,0,0,0
"Nmel422.15",0,0,0.0178571428571429,0,0,0,0,0,0,0,0,0,0
"Nmel422.18",0,0,0,0.0357142857142857,0,0,0,0,0,0,0,0,0
"Nmel422.8",0,0,0,0.0357142857142857,0,0,0,0.0178571428571429,0,0.0666666666666667,0.0555555555555556,0.115384615384615,0
"Nmel505.3",0.0357142857142857,0,0.0714285714285714,0.0714285714285714,0,0.230769230769231,0.107142857142857,0.0357142857142857,0.2,0.133333333333333,0.166666666666667,0.214285714285714,0
"Nmel505.1",0.785714285714286,0.821428571428571,0.464285714285714,0.714285714285714,0.777777777777778,0.538461538461538,0.5,0.571428571428571,0.6,0.666666666666667,0.611111111111111,0.428571428571429,0.392857142857143
"Nmel505.2",0.125,0.178571428571429,0.464285714285714,0.214285714285714,0.222222222222222,0.153846153846154,0.339285714285714,0.392857142857143,0.075,0,0.0555555555555556,0.321428571428571,0.553571428571429
"Nmel505.4",0.0535714285714286,0,0,0,0,0.0769230769230769,0.0357142857142857,0,0.125,0.2,0.166666666666667,0.0357142857142857,0.0178571428571429
"Nmel505.5",0,0,0,0,0,0,0.0178571428571429,0,0,0,0,0,0.0357142857142857
"Nmel549.1",0.314814814814815,0.178571428571429,0.410714285714286,0.357142857142857,0.0555555555555556,0.208333333333333,0.321428571428571,0.148148148148148,0.3,0.366666666666667,0.277777777777778,0.125,0.25
"Nmel549.3",0.333333333333333,0.410714285714286,0.0714285714285714,0.25,0.0555555555555556,0.0833333333333333,0.285714285714286,0.12962962962963,0.125,0.0333333333333333,0.111111111111111,0.178571428571429,0
"Nmel549.5",0.185185185185185,0.214285714285714,0.160714285714286,0.0357142857142857,0.111111111111111,0.0416666666666667,0.0535714285714286,0.0740740740740741,0.05,0.1,0.111111111111111,0.107142857142857,0.0961538461538462
"Nmel549.6",0.0185185185185185,0,0,0.0357142857142857,0.111111111111111,0.166666666666667,0.0178571428571429,0.0925925925925926,0.05,0,0.0277777777777778,0.142857142857143,0.0384615384615385
"Nmel549.8",0.0740740740740741,0.107142857142857,0.107142857142857,0.0714285714285714,0.0555555555555556,0.0416666666666667,0,0,0.025,0,0.0277777777777778,0.0178571428571429,0.0384615384615385
"Nmel549.4",0.0185185185185185,0.0535714285714286,0.196428571428571,0.0714285714285714,0.0555555555555556,0.0416666666666667,0,0.12962962962963,0.15,0.2,0.111111111111111,0.214285714285714,0.384615384615385
"Nmel549.2",0.037037037037037,0.0357142857142857,0,0.107142857142857,0.444444444444444,0.291666666666667,0.142857142857143,0.185185185185185,0.2,0.166666666666667,0.333333333333333,0.196428571428571,0.0769230769230769
"Nmel549.14",0.0185185185185185,0,0,0,0,0,0,0,0,0,0,0,0
"Nmel549.12",0,0,0.0357142857142857,0,0,0.0416666666666667,0,0,0.025,0,0,0,0
"Nmel549.7",0,0,0.0178571428571429,0,0,0,0.125,0.185185185185185,0,0,0,0,0.0576923076923077
"Nmel549.9",0,0,0,0.0714285714285714,0.111111111111111,0,0,0.0555555555555556,0.025,0,0,0,0
"Nmel549.11",0,0,0,0,0,0.0833333333333333,0.0535714285714286,0,0,0,0,0,0
"Nmel549.10",0,0,0,0,0,0,0,0,0.05,0.133333333333333,0,0.0178571428571429,0.0576923076923077
"Nmel625.3",0.0769230769230769,0.0384615384615385,0.25,0.0714285714285714,0.222222222222222,0.192307692307692,0.222222222222222,0.314814814814815,0.2,0.0333333333333333,0.0555555555555556,0.25,0.351851851851852
"Nmel625.4",0.115384615384615,0.0576923076923077,0.0357142857142857,0.178571428571429,0.166666666666667,0.115384615384615,0,0.037037037037037,0.075,0,0.0277777777777778,0.142857142857143,0.037037037037037
"Nmel625.2",0.384615384615385,0.346153846153846,0.232142857142857,0.142857142857143,0.277777777777778,0.269230769230769,0.185185185185185,0.166666666666667,0.15,0.233333333333333,0.388888888888889,0.142857142857143,0.203703703703704
"Nmel625.1",0.346153846153846,0.423076923076923,0.232142857142857,0.214285714285714,0,0.0769230769230769,0.333333333333333,0.314814814814815,0.1,0.0666666666666667,0.0555555555555556,0.0892857142857143,0.259259259259259
"Nmel625.7",0.0384615384615385,0,0.0178571428571429,0.0357142857142857,0,0.0384615384615385,0.0185185185185185,0.037037037037037,0,0,0,0.0178571428571429,0
"Nmel625.10",0.0384615384615385,0.0192307692307692,0.107142857142857,0.0357142857142857,0.0555555555555556,0.0384615384615385,0.0555555555555556,0.0185185185185185,0,0,0.0555555555555556,0,0.0185185185185185
"Nmel625.31",0,0.0192307692307692,0,0,0.0555555555555556,0,0,0,0,0,0,0,0
"Nmel625.9",0,0.0384615384615385,0.0357142857142857,0,0,0.115384615384615,0,0,0.15,0.1,0.0277777777777778,0.0714285714285714,0.0925925925925926
"Nmel625.6",0,0.0384615384615385,0,0.0357142857142857,0.0555555555555556,0,0.037037037037037,0.037037037037037,0.125,0.133333333333333,0.138888888888889,0.107142857142857,0
"Nmel625.25",0,0.0192307692307692,0.0178571428571429,0,0.0555555555555556,0,0,0,0,0,0,0,0
"Nmel625.27",0,0,0.0178571428571429,0,0,0,0,0,0,0,0,0,0
"Nmel625.8",0,0,0.0357142857142857,0,0.0555555555555556,0,0.0185185185185185,0,0,0,0,0,0
"Nmel625.39",0,0,0.0178571428571429,0,0,0,0,0,0,0,0,0,0
"Nmel625.19",0,0,0,0.0714285714285714,0,0,0,0,0,0,0,0,0
"Nmel625.32",0,0,0,0.107142857142857,0,0,0,0,0,0,0,0,0
"Nmel625.33",0,0,0,0.0357142857142857,0,0,0,0,0,0,0,0,0
"Nmel625.13",0,0,0,0.0714285714285714,0,0.0384615384615385,0,0,0,0,0,0,0
"Nmel625.17",0,0,0,0,0.0555555555555556,0,0.0185185185185185,0,0,0,0,0,0
"Nmel625.11",0,0,0,0,0,0.0384615384615385,0,0,0.05,0.0333333333333333,0.111111111111111,0.0714285714285714,0.0185185185185185
"Nmel625.5",0,0,0,0,0,0.0384615384615385,0.0555555555555556,0.037037037037037,0.15,0.4,0.138888888888889,0.0892857142857143,0.0185185185185185
"Nmel625.22",0,0,0,0,0,0.0384615384615385,0,0,0,0,0,0,0
"Nmel625.20",0,0,0,0,0,0,0.0555555555555556,0.037037037037037,0,0,0,0,0
"Nmel625.59",0,0,0,0,0,0,0,0,0,0,0,0.0178571428571429,0
"Nmel729.2",0.604166666666667,0.638888888888889,0.681818181818182,0.708333333333333,0.428571428571429,0.5,0.604166666666667,0.607142857142857,0.388888888888889,0.214285714285714,0.4375,0.275,0.24
"Nmel729.3",0.104166666666667,0.0555555555555556,0,0.0833333333333333,0.142857142857143,0.136363636363636,0.104166666666667,0.160714285714286,0.138888888888889,0.107142857142857,0.0625,0.05,0.06
"Nmel729.1",0.291666666666667,0.305555555555556,0.181818181818182,0.208333333333333,0.428571428571429,0.363636363636364,0.291666666666667,0.178571428571429,0.444444444444444,0.678571428571429,0.375,0.575,0.66
"Nmel729.5",0,0,0.0909090909090909,0,0,0,0,0,0,0,0,0,0
"Nmel729.8",0,0,0.0454545454545455,0,0,0,0,0.0357142857142857,0,0,0.125,0.1,0.04
"Nmel729.6",0,0,0,0,0,0,0,0.0178571428571429,0.0277777777777778,0,0,0,0
"Nmel746.1",0.962962962962963,0.928571428571429,0.928571428571429,1,1,0.833333333333333,0.75,0.821428571428571,0.526315789473684,1,0.923076923076923,0.807692307692308,0.888888888888889
"Nmel746.2",0.037037037037037,0.0714285714285714,0.0714285714285714,0,0,0.166666666666667,0.25,0.178571428571429,0.447368421052632,0,0.0769230769230769,0.192307692307692,0.111111111111111
"Nmel746.7",0,0,0,0,0,0,0,0,0.0263157894736842,0,0,0,0
"Nmel810.1",0.589285714285714,0.518518518518518,0.392857142857143,0.285714285714286,0.5,0.307692307692308,0.535714285714286,0.576923076923077,0.625,0.466666666666667,0.5,0.571428571428571,0.517857142857143
"Nmel810.2",0.232142857142857,0.444444444444444,0.303571428571429,0.392857142857143,0.277777777777778,0.5,0.339285714285714,0.25,0.35,0.466666666666667,0.472222222222222,0.357142857142857,0.446428571428571
"Nmel810.4",0.0892857142857143,0.0185185185185185,0,0,0,0.0384615384615385,0,0,0,0.0666666666666667,0,0.0178571428571429,0
"Nmel810.5",0.0178571428571429,0,0,0,0,0,0,0,0,0,0,0,0
"Nmel810.7",0.0535714285714286,0,0.0357142857142857,0,0.0555555555555556,0,0,0,0,0,0,0,0
"Nmel810.8",0.0178571428571429,0,0,0.178571428571429,0,0,0,0,0,0,0,0,0
"Nmel810.9",0,0.0185185185185185,0,0.0357142857142857,0.0555555555555556,0,0,0,0,0,0,0.0178571428571429,0
"Nmel810.3",0,0,0.125,0,0,0.0384615384615385,0.0892857142857143,0.0192307692307692,0,0,0.0277777777777778,0,0
"Nmel810.12",0,0,0.0178571428571429,0,0,0,0,0,0.025,0,0,0,0
"Nmel810.13",0,0,0.0357142857142857,0,0,0,0,0,0,0,0,0,0
"Nmel810.6",0,0,0.0535714285714286,0.107142857142857,0.111111111111111,0,0,0.115384615384615,0,0,0,0,0.0357142857142857
"Nmel810.10",0,0,0.0357142857142857,0,0,0.115384615384615,0,0.0384615384615385,0,0,0,0.0357142857142857,0
"Nmel810.16",0,0,0,0,0,0,0.0357142857142857,0,0,0,0,0,0
"Nmel815.1",0.803571428571429,0.769230769230769,0.517857142857143,0.666666666666667,0.25,0.363636363636364,0.410714285714286,0.611111111111111,0.425,0.2,0.205882352941176,0.160714285714286,0.428571428571429
"Nmel815.14",0.0357142857142857,0,0,0.0416666666666667,0,0,0,0,0,0,0,0,0.0357142857142857
"Nmel815.10",0.0357142857142857,0,0.0357142857142857,0,0.0625,0,0,0,0.025,0.1,0,0.0357142857142857,0
"Nmel815.7",0.0357142857142857,0,0.0178571428571429,0.0416666666666667,0,0.272727272727273,0.160714285714286,0.12962962962963,0,0.166666666666667,0.0882352941176471,0.0892857142857143,0.0357142857142857
"Nmel815.8",0.0178571428571429,0,0.0178571428571429,0,0,0,0,0.0185185185185185,0.05,0,0,0.0357142857142857,0.0535714285714286
"Nmel815.9",0.0178571428571429,0,0.0535714285714286,0.0416666666666667,0.0625,0,0,0.037037037037037,0,0,0.0588235294117647,0.0357142857142857,0.0357142857142857
"Nmel815.2",0.0178571428571429,0,0,0,0,0.181818181818182,0.160714285714286,0.0740740740740741,0.175,0.266666666666667,0.323529411764706,0.232142857142857,0.0178571428571429
"Nmel815.13",0.0357142857142857,0,0,0,0,0,0,0,0,0,0,0,0
"Nmel815.5",0,0.230769230769231,0,0,0.125,0.0454545454545455,0,0.037037037037037,0,0.0666666666666667,0,0.160714285714286,0.107142857142857
"Nmel815.11",0,0,0.0714285714285714,0.0416666666666667,0,0,0.0178571428571429,0,0.05,0,0,0.0357142857142857,0
"Nmel815.6",0,0,0.107142857142857,0.166666666666667,0.25,0,0.196428571428571,0.037037037037037,0,0,0,0.0357142857142857,0.0535714285714286
"Nmel815.4",0,0,0.0892857142857143,0,0.25,0.0454545454545455,0.0535714285714286,0.0555555555555556,0.05,0,0,0.0357142857142857,0.142857142857143
"Nmel815.15",0,0,0.0535714285714286,0,0,0,0,0,0,0,0,0,0
"Nmel815.3",0,0,0.0357142857142857,0,0,0.0909090909090909,0,0,0.225,0.2,0.323529411764706,0.142857142857143,0.0535714285714286
"Nmel815.24",0,0,0,0,0,0,0,0,0,0,0,0,0.0357142857142857
"Nmel821.3",0.482142857142857,0.166666666666667,0.25,0.214285714285714,0,0.153846153846154,0.142857142857143,0.0925925925925926,0.175,0.3,0.138888888888889,0.178571428571429,0.196428571428571
"Nmel821.1",0.321428571428571,0.333333333333333,0.303571428571429,0.25,0.333333333333333,0.346153846153846,0.553571428571429,0.462962962962963,0.2,0.333333333333333,0.5,0.25,0.214285714285714
"Nmel821.2",0.196428571428571,0.185185185185185,0.196428571428571,0.428571428571429,0.666666666666667,0.423076923076923,0.267857142857143,0.37037037037037,0.525,0.3,0.277777777777778,0.553571428571429,0.535714285714286
"Nmel821.4",0,0.259259259259259,0.160714285714286,0,0,0,0,0.037037037037037,0,0,0.0555555555555556,0,0
"Nmel821.6",0,0.0555555555555556,0,0,0,0,0,0,0.025,0,0,0,0.0178571428571429
"Nmel821.5",0,0,0.0714285714285714,0.0714285714285714,0,0,0.0178571428571429,0,0,0,0,0.0178571428571429,0
"Nmel821.9",0,0,0.0178571428571429,0,0,0.0384615384615385,0,0,0,0,0,0,0.0178571428571429
"Nmel821.8",0,0,0,0.0357142857142857,0,0.0384615384615385,0,0,0.05,0,0.0277777777777778,0,0
"Nmel821.10",0,0,0,0,0,0,0.0178571428571429,0,0.025,0,0,0,0
"Nmel821.11",0,0,0,0,0,0,0,0.037037037037037,0,0,0,0,0
"Nmel821.7",0,0,0,0,0,0,0,0,0,0.0666666666666667,0,0,0.0178571428571429
"Nmel89.1",0.589285714285714,0.375,0.517857142857143,0.321428571428571,0.333333333333333,0.5,0.375,0.442307692307692,0.45,0.533333333333333,0.305555555555556,0.267857142857143,0.553571428571429
"Nmel89.2",0.178571428571429,0.267857142857143,0.178571428571429,0.107142857142857,0.222222222222222,0.269230769230769,0.321428571428571,0.307692307692308,0.2,0.1,0.138888888888889,0.232142857142857,0.214285714285714
"Nmel89.5",0.0357142857142857,0.0178571428571429,0.0892857142857143,0.107142857142857,0.111111111111111,0,0,0.0384615384615385,0.025,0.1,0.0555555555555556,0,0
"Nmel89.7",0.0714285714285714,0.107142857142857,0,0.142857142857143,0.0555555555555556,0.0769230769230769,0.0357142857142857,0.0384615384615385,0,0,0,0,0
"Nmel89.8",0.0535714285714286,0.125,0.0714285714285714,0,0.111111111111111,0,0.0714285714285714,0,0,0,0,0,0
"Nmel89.6",0.0357142857142857,0.0357142857142857,0.0357142857142857,0.0357142857142857,0,0.0769230769230769,0.0535714285714286,0.0192307692307692,0.1,0.0666666666666667,0.0555555555555556,0.0714285714285714,0.0535714285714286
"Nmel89.3",0.0178571428571429,0.0178571428571429,0,0.0714285714285714,0,0.0769230769230769,0.107142857142857,0.0769230769230769,0.1,0.133333333333333,0.222222222222222,0.125,0
"Nmel89.9",0.0178571428571429,0.0357142857142857,0.0357142857142857,0.0714285714285714,0.166666666666667,0,0,0,0,0,0.0277777777777778,0,0
"Nmel89.20",0,0.0178571428571429,0,0,0,0,0,0,0,0,0,0,0
"Nmel89.4",0,0,0.0357142857142857,0.0714285714285714,0,0,0.0357142857142857,0.0576923076923077,0.125,0.0666666666666667,0.194444444444444,0.303571428571429,0.178571428571429
"Nmel89.13",0,0,0.0178571428571429,0,0,0,0,0,0,0,0,0,0
"Nmel89.12",0,0,0.0178571428571429,0,0,0,0,0,0,0,0,0,0
"Nmel89.10",0,0,0,0.0714285714285714,0,0,0,0,0,0,0,0,0
"Nmel89.14",0,0,0,0,0,0,0,0.0192307692307692,0,0,0,0,0
"Nmel914.1",0.517857142857143,0.0535714285714286,0.111111111111111,0.321428571428571,0.166666666666667,0.461538461538462,0.321428571428571,0.267857142857143,0.575,0.366666666666667,0.472222222222222,0.464285714285714,0.446428571428571
"Nmel914.2",0.357142857142857,0.625,0.37037037037037,0.392857142857143,0.777777777777778,0.384615384615385,0.607142857142857,0.5,0.225,0.266666666666667,0.361111111111111,0.375,0.410714285714286
"Nmel914.4",0.0357142857142857,0.285714285714286,0.203703703703704,0,0,0,0,0.0178571428571429,0,0.1,0.0277777777777778,0,0.0178571428571429
"Nmel914.3",0.0714285714285714,0.0357142857142857,0.111111111111111,0.142857142857143,0,0,0,0.142857142857143,0.15,0.2,0.0555555555555556,0.142857142857143,0.0714285714285714
"Nmel914.5",0.0178571428571429,0,0.148148148148148,0.0714285714285714,0,0,0,0,0,0,0.0277777777777778,0,0.0178571428571429
"Nmel914.6",0,0,0.037037037037037,0.0714285714285714,0,0.0769230769230769,0.0357142857142857,0.0714285714285714,0.05,0.0666666666666667,0.0555555555555556,0,0
"Nmel914.7",0,0,0.0185185185185185,0,0,0.0769230769230769,0,0,0,0,0,0,0.0178571428571429
"Nmel914.8",0,0,0,0,0.0555555555555556,0,0,0,0,0,0,0,0
"Nmel914.10",0,0,0,0,0,0,0.0357142857142857,0,0,0,0,0,0
"Nmel914.9",0,0,0,0,0,0,0,0,0,0,0,0.0178571428571429,0.0178571428571429
"Nmel990.1",0.803571428571429,0.714285714285714,0.517857142857143,0.666666666666667,0.222222222222222,0.363636363636364,0.410714285714286,0.596153846153846,0.425,0.2,0.21875,0.160714285714286,0.410714285714286
"Nmel990.16",0.0357142857142857,0,0,0.0416666666666667,0,0,0,0,0,0,0,0,0.0357142857142857
"Nmel990.10",0.0357142857142857,0,0.0357142857142857,0,0.0555555555555556,0,0,0,0.025,0.0666666666666667,0,0.0178571428571429,0
"Nmel990.7",0.0357142857142857,0,0.0178571428571429,0.0416666666666667,0,0.272727272727273,0.196428571428571,0.134615384615385,0,0.166666666666667,0.09375,0.0892857142857143,0.0357142857142857
"Nmel990.9",0.0178571428571429,0,0.0178571428571429,0,0,0,0,0.0192307692307692,0.05,0,0,0.0178571428571429,0.0714285714285714
"Nmel990.8",0.0178571428571429,0,0.0535714285714286,0.0416666666666667,0.0555555555555556,0,0,0.0384615384615385,0,0.0666666666666667,0.03125,0.0357142857142857,0.0178571428571429
"Nmel990.2",0.0178571428571429,0,0,0,0,0.181818181818182,0.160714285714286,0.0769230769230769,0.175,0.2,0.28125,0.25,0.0178571428571429
"Nmel990.19",0.0357142857142857,0,0,0,0,0,0,0,0,0,0,0,0
"Nmel990.11",0,0.0714285714285714,0,0,0.111111111111111,0,0,0,0,0.0333333333333333,0,0.0178571428571429,0
"Nmel990.5",0,0.214285714285714,0,0,0.111111111111111,0.0454545454545455,0,0.0384615384615385,0,0.0666666666666667,0,0.160714285714286,0.107142857142857
"Nmel990.12",0,0,0.0535714285714286,0.0416666666666667,0,0,0.0178571428571429,0,0,0,0,0,0
"Nmel990.6",0,0,0.107142857142857,0.166666666666667,0.222222222222222,0,0.160714285714286,0.0384615384615385,0,0,0,0.0178571428571429,0.0535714285714286
"Nmel990.4",0,0,0.0892857142857143,0,0.222222222222222,0.0454545454545455,0.0535714285714286,0.0576923076923077,0.05,0,0,0.0357142857142857,0.142857142857143
"Nmel990.14",0,0,0.0535714285714286,0,0,0,0,0,0,0,0,0,0
"Nmel990.3",0,0,0.0357142857142857,0,0,0.0909090909090909,0,0,0.225,0.2,0.375,0.160714285714286,0.0714285714285714
"Nmel990.13",0,0,0.0178571428571429,0,0,0,0,0,0.05,0,0,0.0357142857142857,0
"Nmel990.23",0,0,0,0,0,0,0,0,0,0,0,0,0.0357142857142857
"Nmel994.1",0.375,0.125,0.303571428571429,0.5,0.5,0.115384615384615,0.0892857142857143,0.303571428571429,0.275,0.466666666666667,0.305555555555556,0.428571428571429,0.5
"Nmel994.6",0.0178571428571429,0,0.0357142857142857,0,0,0.115384615384615,0.0357142857142857,0.0178571428571429,0.2,0.366666666666667,0.277777777777778,0.142857142857143,0.0892857142857143
"Nmel994.7",0.214285714285714,0.178571428571429,0.107142857142857,0,0,0,0,0,0,0,0,0,0
"Nmel994.11",0.0178571428571429,0,0.0178571428571429,0,0,0,0,0.0357142857142857,0,0,0,0,0
"Nmel994.4",0.125,0.196428571428571,0.107142857142857,0.142857142857143,0.0555555555555556,0.0769230769230769,0.142857142857143,0.142857142857143,0.125,0,0.111111111111111,0.0535714285714286,0
"Nmel994.2",0.0535714285714286,0,0.0892857142857143,0.0357142857142857,0.166666666666667,0.307692307692308,0.25,0.196428571428571,0.225,0,0.194444444444444,0.107142857142857,0
"Nmel994.3",0.125,0.160714285714286,0.125,0.107142857142857,0.111111111111111,0.0384615384615385,0.357142857142857,0.232142857142857,0.1,0.1,0.0833333333333333,0.196428571428571,0.178571428571429
"Nmel994.5",0.0535714285714286,0.285714285714286,0.0357142857142857,0.0714285714285714,0,0.269230769230769,0,0,0,0,0.0277777777777778,0,0.0714285714285714
"Nmel994.13",0.0178571428571429,0,0.0535714285714286,0,0.0555555555555556,0,0.0535714285714286,0.0357142857142857,0.05,0,0,0,0
"Nmel994.10",0,0.0357142857142857,0.0357142857142857,0.0714285714285714,0.111111111111111,0.0384615384615385,0.0178571428571429,0,0,0,0,0,0
"Nmel994.14",0,0.0178571428571429,0,0.0357142857142857,0,0.0384615384615385,0,0,0,0,0,0,0
"Nmel994.15",0,0,0.0714285714285714,0,0,0,0,0,0,0,0,0,0
"Nmel994.16",0,0,0.0178571428571429,0,0,0,0,0,0,0,0,0,0
"Nmel994.8",0,0,0,0.0357142857142857,0,0,0.0535714285714286,0.0357142857142857,0,0.0666666666666667,0,0.0714285714285714,0.160714285714286
"Nmel994.19",0,0,0,0,0,0,0,0,0.025,0,0,0,0
